region,sector,0
Russia,Paddy rice,958.8255518963956
Russia,Wheat,284332.5026570246
Russia,Cereal grains nec,81072.02584539165
Russia,"Vegetables, fruit, nuts",461532.7953908812
Russia,Oil seeds,1111.2775484443375
Russia,Crops nec,32401.91626521709
Russia,Cattle,4997.271056094009
Russia,Meat animals nec,36851.03566316892
Russia,Animal products nec,171773.73791474572
Russia,Raw milk,102308.81122023793
Russia,"Products of forestry, logging and related services (02)",92180.66438783899
Russia,Fish and other fishing products; services incidental of fishing (05),330645.4454078299
Russia,"Coal, peat",10777560.101591554
Russia,"Crude petroleum and services related to crude oil extraction, excluding surveying",23827343.068657544
Russia,"Natural gas and services related to natural gas extraction, excluding surveying",29111788.67718629
Russia,Mining & Quarrying,671489.9201845746
Russia,Meat products,25543.270113427607
Russia,products of Vegetable oils and fats,30080.468935744626
Russia,Dairy products,19774.55903926401
Russia,"Other food, beverages, tobacco",1149447.472842504
Russia,"Textiles, apparel, furs, leather",116385.71759804543
Russia,Wood and products of wood and cork (except furniture); articles of straw and plaiting materials,260353.65017656746
Russia,Pulp,220726.31089168985
Russia,Paper and paper products,391841.3597869063
Russia,Printed matter and recorded media (22),133241.25219464666
Russia,Coke and Tar,290378.2210695362
Russia,Petroleum products,29702178.261339854
Russia,Nuclear fuel,27668.82590104465
Russia,"Plastics, basic",4582055.909456106
Russia,N-fertiliser,29319.91463129055
Russia,P- and other fertiliser,321554.15878647217
Russia,Chemicals nec,4021335.2314844094
Russia,Charcoal,0.010806819470282477
Russia,Biofuels,10.728444669515442
Russia,Rubber and plastic products (25),71785.21499191519
Russia,"Glass, tiles, ceramics, bricks",669610.6162355582
Russia,"Cement, lime and plaster",1119059.703937042
Russia,Other non-metallic mineral products,409984.2901402281
Russia,Basic iron and steel and of ferro-alloys and first products thereof,3026815.9904224863
Russia,Precious metals,27502.32327021144
Russia,Aluminium and aluminium products,532404.1853762972
Russia,Other metals and products thereof,352800.79741762974
Russia,"Secondary lead for treatment, Re-processing of secondary lead into new lead",178202.62236650058
Russia,Foundry work services,545669.7368195523
Russia,"Fabricated metal products, except machinery and equipment (28)",587789.8639393115
Russia,Machinery and equipment n.e.c. (29),37071.284890841416
Russia,Office machinery and computers (30),224808.3916210899
Russia,"Electrical machinery, audiovisual, and medical equipment",496121.1759627281
Russia,Vehicles and transport equipment,1056223.2000710773
Russia,Furniture; other manufactured goods n.e.c. (36),223338.17500801713
Russia,Secondary raw materials,33171.43468109659
Russia,Electricity by coal,217873.31905231433
Russia,Electricity by gas and petroleum products,485840.14615129237
Russia,Electricity by nuclear,591735.1304432737
Russia,Electricity by hydro,1684326.344181049
Russia,Electricity by wind,930997.9760914887
Russia,Transmission and distribution of electricity,139860.48303878302
Russia,"Produced gas (Gas works, Blast ovens, etc.)",8538.085008235634
Russia,Distribution services of gaseous fuels through mains,4157733.02751516
Russia,Steam and hot water supply services,20085294.918459583
Russia,"Collected and purified water, distribution services of water (41)",535646.0748924904
Russia,Construction work (45),883116.0243987595
Russia,"Sale, maintenance, repair of motor vehicles, motor vehicles parts, motorcycles, motor cycles parts and accessoiries, fuel stations",51402.92628982561
Russia,"Wholesale trade and commission trade services, except of motor vehicles and motorcycles (51)",533709.3323524941
Russia,"Retail  trade services, except of motor vehicles and motorcycles; repair services of personal and household goods (52)",509247.6429079616
Russia,Hotel and restaurant services (55),605431.2910422537
Russia,Railway transportation services,890569.431313118
Russia,Other land transportation services,469625.53898187145
Russia,Transportation services via pipelines,3091417.7475578585
Russia,Sea and coastal water transportation services,804725.058936177
Russia,Inland water transportation services,93651.52876440139
Russia,Air transport services (62),1352334.028893356
Russia,Supporting and auxiliary transport services; travel agency services (63),378847.74825917697
Russia,Post and telecommunication services (64),727131.0911615933
Russia,"Financial intermediation services, insurances",161107.96350345813
Russia,Real estate services (70),539163.9333673803
Russia,Renting services of machinery and equipment without operator and of personal and household goods (71),3330.0
Russia,Computer and related services (72),109428.0
Russia,Research and development services (73),2636411.61068343
Russia,Other business services (74),154665.0
Russia,Public administration and defence services; compulsory social security services (75),234496.80523069703
Russia,Education services (80),379887.1179065361
Russia,Health and social work services (85),446777.47198458714
Russia,Waste incineration,599973.1246306447
Russia,Waste for treatment: biogasification and land application,12165.382043036494
Russia,Composting and land application,128534.84162659693
Russia,Landfill,1973734.4129461986
Russia,Membership organisation services n.e.c. (91),677.611707282076
Russia,"Recreational, cultural and sporting services (92)",2324723.421526204
Russia,Other services (93),375.0
Russia,Private households with employed persons (95),1684.0
Russia,Extra-territorial organizations and bodies,0.0
China,Paddy rice,172556.0
China,Wheat,119864.0
China,Cereal grains nec,415570.0
China,"Vegetables, fruit, nuts",1080353.0
China,Oil seeds,281348.0
China,Crops nec,2321115.0
China,Cattle,107796.0
China,Meat animals nec,388993.0
China,Animal products nec,506301.0
China,Raw milk,1802375.0
China,"Products of forestry, logging and related services (02)",2897997.0
China,Fish and other fishing products; services incidental of fishing (05),24275.0
China,"Coal, peat",131491135.0
China,"Crude petroleum and services related to crude oil extraction, excluding surveying",12004984.24974518
China,"Natural gas and services related to natural gas extraction, excluding surveying",5075706.0
China,Mining & Quarrying,6204770.369180581
China,Meat products,249236.0
China,products of Vegetable oils and fats,1009.0
China,Dairy products,62949.0
China,"Other food, beverages, tobacco",13347450.0
China,"Textiles, apparel, furs, leather",4838072.0
China,Wood and products of wood and cork (except furniture); articles of straw and plaiting materials,899041.0
China,Pulp,113992.36658980933
China,Paper and paper products,2432489.0199249275
China,Printed matter and recorded media (22),641109.0
China,Coke and Tar,3760351.250092662
China,Petroleum products,52750890.74987286
China,Nuclear fuel,24194.0
China,"Plastics, basic",508313.0
China,N-fertiliser,6875.0
China,P- and other fertiliser,767404.0
China,Chemicals nec,24582090.20129208
China,Charcoal,0.0
China,Biofuels,106950.79869641337
China,Rubber and plastic products (25),3842948.0
China,"Glass, tiles, ceramics, bricks",5539132.0
China,"Cement, lime and plaster",13143110.0
China,Other non-metallic mineral products,11935485.0
China,Basic iron and steel and of ferro-alloys and first products thereof,32438822.0
China,Precious metals,1003516.0
China,Aluminium and aluminium products,6445764.0
China,Other metals and products thereof,5413305.0
China,"Secondary lead for treatment, Re-processing of secondary lead into new lead",4087369.0
China,Foundry work services,10166225.0
China,"Fabricated metal products, except machinery and equipment (28)",3054500.0
China,Machinery and equipment n.e.c. (29),550592.0
China,Office machinery and computers (30),845057.0
China,"Electrical machinery, audiovisual, and medical equipment",1256372.0
China,Vehicles and transport equipment,2269603.0
China,Furniture; other manufactured goods n.e.c. (36),1988760.0
China,Secondary raw materials,14870.0
China,Electricity by coal,141218108.0
China,Electricity by gas and petroleum products,4329430.0
China,Electricity by nuclear,99806.0
China,Electricity by hydro,8748587.0
China,Electricity by wind,9830352.769369338
China,Transmission and distribution of electricity,335537.0
China,"Produced gas (Gas works, Blast ovens, etc.)",8930262.563906694
China,Distribution services of gaseous fuels through mains,12377995.436093505
China,Steam and hot water supply services,16558741.0
China,"Collected and purified water, distribution services of water (41)",1195062.0
China,Construction work (45),2953323.0
China,"Sale, maintenance, repair of motor vehicles, motor vehicles parts, motorcycles, motor cycles parts and accessoiries, fuel stations",74934.0
China,"Wholesale trade and commission trade services, except of motor vehicles and motorcycles (51)",69747.0
China,"Retail  trade services, except of motor vehicles and motorcycles; repair services of personal and household goods (52)",208426.0
China,Hotel and restaurant services (55),410286.0
China,Railway transportation services,2004419.0
China,Other land transportation services,403605.0
China,Transportation services via pipelines,77587.0
China,Sea and coastal water transportation services,3619174.0
China,Inland water transportation services,5036133.0
China,Air transport services (62),4777991.0
China,Supporting and auxiliary transport services; travel agency services (63),352787.0
China,Post and telecommunication services (64),22348.0
China,"Financial intermediation services, insurances",1151397.0
China,Real estate services (70),981923.0
China,Renting services of machinery and equipment without operator and of personal and household goods (71),679972.0
China,Computer and related services (72),191132.0
China,Research and development services (73),342165.0
China,Other business services (74),1551916.0
China,Public administration and defence services; compulsory social security services (75),3832044.2251843335
China,Education services (80),1912080.0
China,Health and social work services (85),4243681.0
China,Waste incineration,967129.0
China,Waste for treatment: biogasification and land application,0.0
China,Composting and land application,206445.0
China,Landfill,92630.0
China,Membership organisation services n.e.c. (91),2115495.0
China,"Recreational, cultural and sporting services (92)",211546.0
China,Other services (93),266207.0
China,Private households with employed persons (95),106507.0
China,Extra-territorial organizations and bodies,0.0
France,Paddy rice,55.0
France,Wheat,129266.76390383532
France,Cereal grains nec,73533.89254039881
France,"Vegetables, fruit, nuts",64734.692741276536
France,Oil seeds,49092.01764898019
France,Crops nec,17185.44791988914
France,Cattle,47964.28566404059
France,Meat animals nec,86263.88153396451
France,Animal products nec,36170.38847769695
France,Raw milk,53220.16018758915
France,"Products of forestry, logging and related services (02)",96753.05868970667
France,Fish and other fishing products; services incidental of fishing (05),17679.0
France,"Coal, peat",22827.07035161966
France,"Crude petroleum and services related to crude oil extraction, excluding surveying",58370.0
France,"Natural gas and services related to natural gas extraction, excluding surveying",172218.0
France,Mining & Quarrying,61347.022533698146
France,Meat products,214104.82738479236
France,products of Vegetable oils and fats,10494.968899662943
France,Dairy products,124432.5710954967
France,"Other food, beverages, tobacco",910898.2779078342
France,"Textiles, apparel, furs, leather",40995.03333641509
France,Wood and products of wood and cork (except furniture); articles of straw and plaiting materials,117958.41537592655
France,Pulp,134530.0
France,Paper and paper products,135423.0
France,Printed matter and recorded media (22),130573.08595314155
France,Coke and Tar,19666.0
France,Petroleum products,5834930.385136189
France,Nuclear fuel,3101.0
France,"Plastics, basic",1029255.007837719
France,N-fertiliser,1825.0
France,P- and other fertiliser,5563.13948702117
France,Chemicals nec,453994.09901769273
France,Charcoal,0.0
France,Biofuels,6533.880793130811
France,Rubber and plastic products (25),17019.0
France,"Glass, tiles, ceramics, bricks",159673.0
France,"Cement, lime and plaster",225470.0
France,Other non-metallic mineral products,76954.0
France,Basic iron and steel and of ferro-alloys and first products thereof,413065.5164646092
France,Precious metals,42296.0
France,Aluminium and aluminium products,29592.0
France,Other metals and products thereof,97252.4835353906
France,"Secondary lead for treatment, Re-processing of secondary lead into new lead",42211.0
France,Foundry work services,56357.23886188424
France,"Fabricated metal products, except machinery and equipment (28)",44806.98627936053
France,Machinery and equipment n.e.c. (29),9100.333666619312
France,Office machinery and computers (30),55248.51551956395
France,"Electrical machinery, audiovisual, and medical equipment",165353.43175249925
France,Vehicles and transport equipment,120337.0
France,Furniture; other manufactured goods n.e.c. (36),181641.60626923156
France,Secondary raw materials,0.0
France,Electricity by coal,258925.86608092935
France,Electricity by gas and petroleum products,117967.40163102731
France,Electricity by nuclear,108819.89681946725
France,Electricity by hydro,408991.7946368849
France,Electricity by wind,177041.81229776534
France,Transmission and distribution of electricity,176.8120283450132
France,"Produced gas (Gas works, Blast ovens, etc.)",7664.073719031829
France,Distribution services of gaseous fuels through mains,576701.8514230947
France,Steam and hot water supply services,810608.925406818
France,"Collected and purified water, distribution services of water (41)",14978.944750678365
France,Construction work (45),166015.6556856334
France,"Sale, maintenance, repair of motor vehicles, motor vehicles parts, motorcycles, motor cycles parts and accessoiries, fuel stations",25987.0
France,"Wholesale trade and commission trade services, except of motor vehicles and motorcycles (51)",105029.0
France,"Retail  trade services, except of motor vehicles and motorcycles; repair services of personal and household goods (52)",12934.0
France,Hotel and restaurant services (55),142581.79188178424
France,Railway transportation services,1096985.5982017568
France,Other land transportation services,2034.4496702335
France,Transportation services via pipelines,570722.7536031508
France,Sea and coastal water transportation services,380065.0
France,Inland water transportation services,301730.0
France,Air transport services (62),1593511.0
France,Supporting and auxiliary transport services; travel agency services (63),737219.7063966547
France,Post and telecommunication services (64),90329.0
France,"Financial intermediation services, insurances",231388.0
France,Real estate services (70),150914.0909802994
France,Renting services of machinery and equipment without operator and of personal and household goods (71),63812.40916315396
France,Computer and related services (72),70673.10975198075
France,Research and development services (73),44541.19300338452
France,Other business services (74),328986.42837440723
France,Public administration and defence services; compulsory social security services (75),231501.46199332076
France,Education services (80),136123.91297825915
France,Health and social work services (85),188802.093050214
France,Waste incineration,499476.92073070933
France,Waste for treatment: biogasification and land application,5265.206488964343
France,Composting and land application,12348.591898887727
France,Landfill,14538.920552370524
France,Membership organisation services n.e.c. (91),37549.45076082848
France,"Recreational, cultural and sporting services (92)",201146.99724439444
France,Other services (93),8058.392029117093
France,Private households with employed persons (95),4424.0
France,Extra-territorial organizations and bodies,0.0
Italy,Paddy rice,96686.99249367329
Italy,Wheat,77288.06584763093
Italy,Cereal grains nec,11606.935960765066
Italy,"Vegetables, fruit, nuts",203364.67142625106
Italy,Oil seeds,7613.8139737603815
Italy,Crops nec,24191.24524406099
Italy,Cattle,33610.767872129116
Italy,Meat animals nec,117683.91275371399
Italy,Animal products nec,25728.809770696873
Italy,Raw milk,30493.630330041982
Italy,"Products of forestry, logging and related services (02)",19802.189017904282
Italy,Fish and other fishing products; services incidental of fishing (05),5771.923847814689
Italy,"Coal, peat",6767.267833195019
Italy,"Crude petroleum and services related to crude oil extraction, excluding surveying",278473.8501448376
Italy,"Natural gas and services related to natural gas extraction, excluding surveying",298794.8500128692
Italy,Mining & Quarrying,49169.1835188985
Italy,Meat products,168686.0796323274
Italy,products of Vegetable oils and fats,16804.526998212954
Italy,Dairy products,36257.44184040942
Italy,"Other food, beverages, tobacco",686711.0226432799
Italy,"Textiles, apparel, furs, leather",181496.90021718398
Italy,Wood and products of wood and cork (except furniture); articles of straw and plaiting materials,109522.45375160256
Italy,Pulp,178638.59526876715
Italy,Paper and paper products,96147.15783355667
Italy,Printed matter and recorded media (22),127086.02896857227
Italy,Coke and Tar,5853.073183011574
Italy,Petroleum products,7126632.017394471
Italy,Nuclear fuel,1510.577535280252
Italy,"Plastics, basic",520742.1108047662
Italy,N-fertiliser,325.6095818491167
Italy,P- and other fertiliser,1169.7339824990922
Italy,Chemicals nec,253544.53490312584
Italy,Charcoal,48.717673895083834
Italy,Biofuels,1167.7193220544611
Italy,Rubber and plastic products (25),95784.45209157023
Italy,"Glass, tiles, ceramics, bricks",312425.377563791
Italy,"Cement, lime and plaster",214557.6685066655
Italy,Other non-metallic mineral products,178225.14401514042
Italy,Basic iron and steel and of ferro-alloys and first products thereof,474875.01569013053
Italy,Precious metals,17967.56011013202
Italy,Aluminium and aluminium products,44862.263140323215
Italy,Other metals and products thereof,87072.03145497508
Italy,"Secondary lead for treatment, Re-processing of secondary lead into new lead",57967.23834274258
Italy,Foundry work services,164683.23993528582
Italy,"Fabricated metal products, except machinery and equipment (28)",172471.35145063716
Italy,Machinery and equipment n.e.c. (29),10264.801282264412
Italy,Office machinery and computers (30),1658530.624318846
Italy,"Electrical machinery, audiovisual, and medical equipment",68476.57954151496
Italy,Vehicles and transport equipment,48317.72058481556
Italy,Furniture; other manufactured goods n.e.c. (36),86665.91326252763
Italy,Secondary raw materials,12358.885593642219
Italy,Electricity by coal,1501873.1353984398
Italy,Electricity by gas and petroleum products,1149669.8158200611
Italy,Electricity by nuclear,337.0216265982666
Italy,Electricity by hydro,388942.0276565541
Italy,Electricity by wind,814788.6992813738
Italy,Transmission and distribution of electricity,295541.501998722
Italy,"Produced gas (Gas works, Blast ovens, etc.)",5206.354250913118
Italy,Distribution services of gaseous fuels through mains,551807.9369047018
Italy,Steam and hot water supply services,36787.08577728504
Italy,"Collected and purified water, distribution services of water (41)",72705.36410988901
Italy,Construction work (45),1183991.5961060738
Italy,"Sale, maintenance, repair of motor vehicles, motor vehicles parts, motorcycles, motor cycles parts and accessoiries, fuel stations",92146.47362983164
Italy,"Wholesale trade and commission trade services, except of motor vehicles and motorcycles (51)",113036.35998704814
Italy,"Retail  trade services, except of motor vehicles and motorcycles; repair services of personal and household goods (52)",25331.462020517232
Italy,Hotel and restaurant services (55),464157.415387538
Italy,Railway transportation services,217343.3503446934
Italy,Other land transportation services,43300.223030449335
Italy,Transportation services via pipelines,36203.990913101356
Italy,Sea and coastal water transportation services,696262.4237808762
Italy,Inland water transportation services,144030.62703101637
Italy,Air transport services (62),520635.447234749
Italy,Supporting and auxiliary transport services; travel agency services (63),247380.47843670356
Italy,Post and telecommunication services (64),86004.16550318601
Italy,"Financial intermediation services, insurances",587426.1104403527
Italy,Real estate services (70),278504.86894092103
Italy,Renting services of machinery and equipment without operator and of personal and household goods (71),74318.21396503938
Italy,Computer and related services (72),87090.18140169067
Italy,Research and development services (73),191544.3361568438
Italy,Other business services (74),662552.0138310132
Italy,Public administration and defence services; compulsory social security services (75),197777.61133402283
Italy,Education services (80),111354.18868502238
Italy,Health and social work services (85),340503.2405678958
Italy,Waste incineration,126376.98099627737
Italy,Waste for treatment: biogasification and land application,178.03803352703977
Italy,Composting and land application,9520.278136024419
Italy,Landfill,8099.471097646841
Italy,Membership organisation services n.e.c. (91),50647.25648730101
Italy,"Recreational, cultural and sporting services (92)",101023.10790241224
Italy,Other services (93),72040.8673117417
Italy,Private households with employed persons (95),27861.0
Italy,Extra-territorial organizations and bodies,0.0
Germany,Paddy rice,0.0
Germany,Wheat,111.993711300226
Germany,Cereal grains nec,21863.642271911693
Germany,"Vegetables, fruit, nuts",993.983451991365
Germany,Oil seeds,40.99665536264
Germany,Crops nec,4238.249020903711
Germany,Cattle,91.29284995249951
Germany,Meat animals nec,6224.077573684521
Germany,Animal products nec,45.73309936448538
Germany,Raw milk,229.358050789287
Germany,"Products of forestry, logging and related services (02)",34241.61513604577
Germany,Fish and other fishing products; services incidental of fishing (05),9299.0
Germany,"Coal, peat",155101.66101712355
Germany,"Crude petroleum and services related to crude oil extraction, excluding surveying",110931.35217266087
Germany,"Natural gas and services related to natural gas extraction, excluding surveying",730518.6880565542
Germany,Mining & Quarrying,82242.35074694155
Germany,Meat products,491347.98630092974
Germany,products of Vegetable oils and fats,27515.29026060876
Germany,Dairy products,206249.92575551342
Germany,"Other food, beverages, tobacco",934776.016341351
Germany,"Textiles, apparel, furs, leather",93754.99433787314
Germany,Wood and products of wood and cork (except furniture); articles of straw and plaiting materials,307230.044785362
Germany,Pulp,400644.8803868274
Germany,Paper and paper products,232875.1660431942
Germany,Printed matter and recorded media (22),381594.89287989953
Germany,Coke and Tar,41556.89858909864
Germany,Petroleum products,10181382.143169051
Germany,Nuclear fuel,1397.0221778504538
Germany,"Plastics, basic",1868649.2503787407
Germany,N-fertiliser,2544.875129829306
Germany,P- and other fertiliser,60394.813067249146
Germany,Chemicals nec,696085.8764561762
Germany,Charcoal,0.0
Germany,Biofuels,43069.06462465551
Germany,Rubber and plastic products (25),122810.8619227183
Germany,"Glass, tiles, ceramics, bricks",293442.311896944
Germany,"Cement, lime and plaster",344519.3543348955
Germany,Other non-metallic mineral products,174781.1141595972
Germany,Basic iron and steel and of ferro-alloys and first products thereof,872316.2338697035
Germany,Precious metals,11183.58725641861
Germany,Aluminium and aluminium products,164768.35831367684
Germany,Other metals and products thereof,181290.81832259562
Germany,"Secondary lead for treatment, Re-processing of secondary lead into new lead",108496.7293858587
Germany,Foundry work services,242869.4937606991
Germany,"Fabricated metal products, except machinery and equipment (28)",285953.3672049034
Germany,Machinery and equipment n.e.c. (29),22403.431244031453
Germany,Office machinery and computers (30),272303.6156951922
Germany,"Electrical machinery, audiovisual, and medical equipment",256649.85628929705
Germany,Vehicles and transport equipment,349745.6969109379
Germany,Furniture; other manufactured goods n.e.c. (36),196223.54269784808
Germany,Secondary raw materials,177528.00115285904
Germany,Electricity by coal,2868520.791551592
Germany,Electricity by gas and petroleum products,396032.38879254815
Germany,Electricity by nuclear,76751.4485553356
Germany,Electricity by hydro,131219.51402910522
Germany,Electricity by wind,1344273.690379343
Germany,Transmission and distribution of electricity,607499.2714700964
Germany,"Produced gas (Gas works, Blast ovens, etc.)",124855.81100399348
Germany,Distribution services of gaseous fuels through mains,2180689.8004181553
Germany,Steam and hot water supply services,196701.83962568396
Germany,"Collected and purified water, distribution services of water (41)",264290.5273166281
Germany,Construction work (45),2691662.165661458
Germany,"Sale, maintenance, repair of motor vehicles, motor vehicles parts, motorcycles, motor cycles parts and accessoiries, fuel stations",109762.01377585475
Germany,"Wholesale trade and commission trade services, except of motor vehicles and motorcycles (51)",184293.0596940663
Germany,"Retail  trade services, except of motor vehicles and motorcycles; repair services of personal and household goods (52)",28475.90510552893
Germany,Hotel and restaurant services (55),235512.20143581904
Germany,Railway transportation services,163052.1894237582
Germany,Other land transportation services,100940.18039749411
Germany,Transportation services via pipelines,27801.9258398241
Germany,Sea and coastal water transportation services,4133962.506119554
Germany,Inland water transportation services,51662.077610614084
Germany,Air transport services (62),1943366.0722323877
Germany,Supporting and auxiliary transport services; travel agency services (63),417702.73227505584
Germany,Post and telecommunication services (64),135491.0783793871
Germany,"Financial intermediation services, insurances",365060.55918956985
Germany,Real estate services (70),950035.8099953323
Germany,Renting services of machinery and equipment without operator and of personal and household goods (71),292648.1850330415
Germany,Computer and related services (72),284382.4249158278
Germany,Research and development services (73),166013.09487675954
Germany,Other business services (74),1915803.583754445
Germany,Public administration and defence services; compulsory social security services (75),701744.4758428324
Germany,Education services (80),286755.8436425724
Germany,Health and social work services (85),983446.0002790439
Germany,Waste incineration,620701.2765682791
Germany,Waste for treatment: biogasification and land application,20456.221879437093
Germany,Composting and land application,109507.87430790848
Germany,Landfill,51748.71435687564
Germany,Membership organisation services n.e.c. (91),164218.9300433227
Germany,"Recreational, cultural and sporting services (92)",308345.53043737856
Germany,Other services (93),325382.77487332234
Germany,Private households with employed persons (95),6628.0
Germany,Extra-territorial organizations and bodies,0.0
Norway,Paddy rice,0.13217074614997576
Norway,Wheat,681.1219792359544
Norway,Cereal grains nec,1703.7046677271899
Norway,"Vegetables, fruit, nuts",9231.582414757046
Norway,Oil seeds,20.79843601547661
Norway,Crops nec,5761.391672653347
Norway,Cattle,2734.280530946045
Norway,Meat animals nec,3491.447934888564
Norway,Animal products nec,3917.46211965932
Norway,Raw milk,16371.092429910357
Norway,"Products of forestry, logging and related services (02)",16807.754226810208
Norway,Fish and other fishing products; services incidental of fishing (05),67318.34652476697
Norway,"Coal, peat",63689.558852123424
Norway,"Crude petroleum and services related to crude oil extraction, excluding surveying",3632835.9271585606
Norway,"Natural gas and services related to natural gas extraction, excluding surveying",4740201.662008553
Norway,Mining & Quarrying,16583.50557899235
Norway,Meat products,3482.4799344904122
Norway,products of Vegetable oils and fats,459.51067206132484
Norway,Dairy products,4574.995555195687
Norway,"Other food, beverages, tobacco",88930.98845978349
Norway,"Textiles, apparel, furs, leather",1394.2839711780114
Norway,Wood and products of wood and cork (except furniture); articles of straw and plaiting materials,18797.316260739048
Norway,Pulp,14131.559760912618
Norway,Paper and paper products,19120.986057174374
Norway,Printed matter and recorded media (22),8002.08831498598
Norway,Coke and Tar,309.1539137594714
Norway,Petroleum products,2277511.7523137187
Norway,Nuclear fuel,12.769688545016106
Norway,"Plastics, basic",245203.14708281815
Norway,N-fertiliser,723.1438183302932
Norway,P- and other fertiliser,27912.321925317803
Norway,Chemicals nec,93935.39401816874
Norway,Charcoal,12.3321876600086
Norway,Biofuels,2432.2384336292166
Norway,Rubber and plastic products (25),1345.7928170249063
Norway,"Glass, tiles, ceramics, bricks",13230.449797009791
Norway,"Cement, lime and plaster",12159.049091398429
Norway,Other non-metallic mineral products,24863.010036498737
Norway,Basic iron and steel and of ferro-alloys and first products thereof,59202.48621441715
Norway,Precious metals,5191.907365753101
Norway,Aluminium and aluminium products,172859.33200896226
Norway,Other metals and products thereof,51370.06144593384
Norway,"Secondary lead for treatment, Re-processing of secondary lead into new lead",2863.990455063908
Norway,Foundry work services,9853.833506546049
Norway,"Fabricated metal products, except machinery and equipment (28)",142323.0594346236
Norway,Machinery and equipment n.e.c. (29),16767.98420310845
Norway,Office machinery and computers (30),275690.8368982563
Norway,"Electrical machinery, audiovisual, and medical equipment",365714.01822937303
Norway,Vehicles and transport equipment,30638.683286524472
Norway,Furniture; other manufactured goods n.e.c. (36),209219.62445914763
Norway,Secondary raw materials,2833.0817996851447
Norway,Electricity by coal,1.8580095996929997
Norway,Electricity by gas and petroleum products,6194.44949385044
Norway,Electricity by nuclear,0.0
Norway,Electricity by hydro,1131846.8891241367
Norway,Electricity by wind,30695.245792868333
Norway,Transmission and distribution of electricity,252.78418253864
Norway,"Produced gas (Gas works, Blast ovens, etc.)",8406.14386791746
Norway,Distribution services of gaseous fuels through mains,15489.46268852494
Norway,Steam and hot water supply services,111988.33465958103
Norway,"Collected and purified water, distribution services of water (41)",4670.860441107772
Norway,Construction work (45),48213.140215783
Norway,"Sale, maintenance, repair of motor vehicles, motor vehicles parts, motorcycles, motor cycles parts and accessoiries, fuel stations",73364.94156835353
Norway,"Wholesale trade and commission trade services, except of motor vehicles and motorcycles (51)",1588.5807820020964
Norway,"Retail  trade services, except of motor vehicles and motorcycles; repair services of personal and household goods (52)",56181.18290025092
Norway,Hotel and restaurant services (55),65567.80875984012
Norway,Railway transportation services,17990.366417398152
Norway,Other land transportation services,87335.80671121886
Norway,Transportation services via pipelines,11477.271385161002
Norway,Sea and coastal water transportation services,1019758.1764775979
Norway,Inland water transportation services,131863.7896384338
Norway,Air transport services (62),176635.21915811562
Norway,Supporting and auxiliary transport services; travel agency services (63),6602.045871377586
Norway,Post and telecommunication services (64),804.387974796218
Norway,"Financial intermediation services, insurances",19493.18360239752
Norway,Real estate services (70),85739.43465532536
Norway,Renting services of machinery and equipment without operator and of personal and household goods (71),159228.5849826962
Norway,Computer and related services (72),6234.6775928643565
Norway,Research and development services (73),93.437494294314
Norway,Other business services (74),127412.23457337583
Norway,Public administration and defence services; compulsory social security services (75),98716.86489247228
Norway,Education services (80),45632.95896657652
Norway,Health and social work services (85),55428.25595843863
Norway,Waste incineration,30411.237699729998
Norway,Waste for treatment: biogasification and land application,0.0
Norway,Composting and land application,862.8604822792261
Norway,Landfill,509.43108807662395
Norway,Membership organisation services n.e.c. (91),6040.0
Norway,"Recreational, cultural and sporting services (92)",12842.307247490431
Norway,Other services (93),5340.352518238375
Norway,Private households with employed persons (95),0.0
Norway,Extra-territorial organizations and bodies,0.0
Spain,Paddy rice,1392.0543167478668
Spain,Wheat,26936.932629946023
Spain,Cereal grains nec,22616.94537066443
Spain,"Vegetables, fruit, nuts",184847.4814145777
Spain,Oil seeds,25375.266068562953
Spain,Crops nec,10574.039124490655
Spain,Cattle,7303.1480644972835
Spain,Meat animals nec,42747.085482660135
Spain,Animal products nec,57749.16567932557
Spain,Raw milk,28186.74343109206
Spain,"Products of forestry, logging and related services (02)",46068.61724753551
Spain,Fish and other fishing products; services incidental of fishing (05),72664.85455836909
Spain,"Coal, peat",54440.54817728529
Spain,"Crude petroleum and services related to crude oil extraction, excluding surveying",24658.568860644635
Spain,"Natural gas and services related to natural gas extraction, excluding surveying",416620.67919929075
Spain,Mining & Quarrying,64207.689667725565
Spain,Meat products,108495.19359306575
Spain,products of Vegetable oils and fats,16264.09338883637
Spain,Dairy products,14493.802277920444
Spain,"Other food, beverages, tobacco",688630.1415998307
Spain,"Textiles, apparel, furs, leather",93886.15773654272
Spain,Wood and products of wood and cork (except furniture); articles of straw and plaiting materials,186702.80113383025
Spain,Pulp,72851.87462074871
Spain,Paper and paper products,178735.1490964527
Spain,Printed matter and recorded media (22),79717.6964322101
Spain,Coke and Tar,12068.902027527074
Spain,Petroleum products,7769486.94560672
Spain,Nuclear fuel,7497.868922890804
Spain,"Plastics, basic",580628.1780834846
Spain,N-fertiliser,8561.189826371243
Spain,P- and other fertiliser,12226.494456535685
Spain,Chemicals nec,183125.4288261752
Spain,Charcoal,384.71554811002045
Spain,Biofuels,6113.003853797696
Spain,Rubber and plastic products (25),87222.9656493949
Spain,"Glass, tiles, ceramics, bricks",332442.76189127227
Spain,"Cement, lime and plaster",320353.0060361411
Spain,Other non-metallic mineral products,367604.91025664855
Spain,Basic iron and steel and of ferro-alloys and first products thereof,249032.10598443702
Spain,Precious metals,4691.38065717391
Spain,Aluminium and aluminium products,90897.2118840552
Spain,Other metals and products thereof,23805.360713830578
Spain,"Secondary lead for treatment, Re-processing of secondary lead into new lead",23130.557734172144
Spain,Foundry work services,98442.67250652972
Spain,"Fabricated metal products, except machinery and equipment (28)",40263.378716260646
Spain,Machinery and equipment n.e.c. (29),3587.2437256428866
Spain,Office machinery and computers (30),82141.44583311227
Spain,"Electrical machinery, audiovisual, and medical equipment",42505.66224380694
Spain,Vehicles and transport equipment,205253.8409094364
Spain,Furniture; other manufactured goods n.e.c. (36),262945.3567454085
Spain,Secondary raw materials,84061.29685704336
Spain,Electricity by coal,1462670.5079546766
Spain,Electricity by gas and petroleum products,1195633.5221250972
Spain,Electricity by nuclear,71259.62136624036
Spain,Electricity by hydro,245284.24580888043
Spain,Electricity by wind,653542.3742530667
Spain,Transmission and distribution of electricity,10949.966283851521
Spain,"Produced gas (Gas works, Blast ovens, etc.)",975.7287913371011
Spain,Distribution services of gaseous fuels through mains,273876.7090291389
Spain,Steam and hot water supply services,315.82824134143925
Spain,"Collected and purified water, distribution services of water (41)",7392.375552211426
Spain,Construction work (45),384485.8331224988
Spain,"Sale, maintenance, repair of motor vehicles, motor vehicles parts, motorcycles, motor cycles parts and accessoiries, fuel stations",66245.66996009758
Spain,"Wholesale trade and commission trade services, except of motor vehicles and motorcycles (51)",72315.760740391
Spain,"Retail  trade services, except of motor vehicles and motorcycles; repair services of personal and household goods (52)",4288.497287020914
Spain,Hotel and restaurant services (55),185027.42107398878
Spain,Railway transportation services,38174.61925001239
Spain,Other land transportation services,79651.81602484817
Spain,Transportation services via pipelines,2850.96427757336
Spain,Sea and coastal water transportation services,183328.79352815516
Spain,Inland water transportation services,69578.1747970908
Spain,Air transport services (62),747928.3651074851
Spain,Supporting and auxiliary transport services; travel agency services (63),114251.69139421103
Spain,Post and telecommunication services (64),72191.53628228807
Spain,"Financial intermediation services, insurances",63105.61117854464
Spain,Real estate services (70),91024.33193117715
Spain,Renting services of machinery and equipment without operator and of personal and household goods (71),31011.549832665838
Spain,Computer and related services (72),30112.731773413365
Spain,Research and development services (73),52356.66735450287
Spain,Other business services (74),311618.8491307796
Spain,Public administration and defence services; compulsory social security services (75),130273.03956463869
Spain,Education services (80),92094.65684912216
Spain,Health and social work services (85),151149.43510523863
Spain,Waste incineration,105184.31401509448
Spain,Waste for treatment: biogasification and land application,2200.699154169759
Spain,Composting and land application,6569.183230874249
Spain,Landfill,4631.063473841299
Spain,Membership organisation services n.e.c. (91),27009.39559673504
Spain,"Recreational, cultural and sporting services (92)",72478.45191782378
Spain,Other services (93),24100.382977433714
Spain,Private households with employed persons (95),4775.0
Spain,Extra-territorial organizations and bodies,0.0
UK,Paddy rice,0.0
UK,Wheat,0.0
UK,Cereal grains nec,0.0
UK,"Vegetables, fruit, nuts",0.0
UK,Oil seeds,0.0
UK,Crops nec,0.0
UK,Cattle,0.0
UK,Meat animals nec,0.0
UK,Animal products nec,0.0
UK,Raw milk,0.0
UK,"Products of forestry, logging and related services (02)",0.0
UK,Fish and other fishing products; services incidental of fishing (05),0.0
UK,"Coal, peat",0.0
UK,"Crude petroleum and services related to crude oil extraction, excluding surveying",0.0
UK,"Natural gas and services related to natural gas extraction, excluding surveying",0.0
UK,Mining & Quarrying,0.0
UK,Meat products,0.0
UK,products of Vegetable oils and fats,0.0
UK,Dairy products,0.0
UK,"Other food, beverages, tobacco",0.0
UK,"Textiles, apparel, furs, leather",0.0
UK,Wood and products of wood and cork (except furniture); articles of straw and plaiting materials,0.0
UK,Pulp,0.0
UK,Paper and paper products,0.0
UK,Printed matter and recorded media (22),0.0
UK,Coke and Tar,0.0
UK,Petroleum products,0.0
UK,Nuclear fuel,0.0
UK,"Plastics, basic",0.0
UK,N-fertiliser,0.0
UK,P- and other fertiliser,0.0
UK,Chemicals nec,0.0
UK,Charcoal,0.0
UK,Biofuels,0.0
UK,Rubber and plastic products (25),0.0
UK,"Glass, tiles, ceramics, bricks",0.0
UK,"Cement, lime and plaster",0.0
UK,Other non-metallic mineral products,0.0
UK,Basic iron and steel and of ferro-alloys and first products thereof,0.0
UK,Precious metals,0.0
UK,Aluminium and aluminium products,0.0
UK,Other metals and products thereof,0.0
UK,"Secondary lead for treatment, Re-processing of secondary lead into new lead",0.0
UK,Foundry work services,0.0
UK,"Fabricated metal products, except machinery and equipment (28)",0.0
UK,Machinery and equipment n.e.c. (29),0.0
UK,Office machinery and computers (30),0.0
UK,"Electrical machinery, audiovisual, and medical equipment",0.0
UK,Vehicles and transport equipment,0.0
UK,Furniture; other manufactured goods n.e.c. (36),0.0
UK,Secondary raw materials,0.0
UK,Electricity by coal,0.0
UK,Electricity by gas and petroleum products,0.0
UK,Electricity by nuclear,0.0
UK,Electricity by hydro,0.0
UK,Electricity by wind,0.0
UK,Transmission and distribution of electricity,0.0
UK,"Produced gas (Gas works, Blast ovens, etc.)",0.0
UK,Distribution services of gaseous fuels through mains,0.0
UK,Steam and hot water supply services,0.0
UK,"Collected and purified water, distribution services of water (41)",0.0
UK,Construction work (45),0.0
UK,"Sale, maintenance, repair of motor vehicles, motor vehicles parts, motorcycles, motor cycles parts and accessoiries, fuel stations",0.0
UK,"Wholesale trade and commission trade services, except of motor vehicles and motorcycles (51)",0.0
UK,"Retail  trade services, except of motor vehicles and motorcycles; repair services of personal and household goods (52)",0.0
UK,Hotel and restaurant services (55),0.0
UK,Railway transportation services,0.0
UK,Other land transportation services,0.0
UK,Transportation services via pipelines,0.0
UK,Sea and coastal water transportation services,0.0
UK,Inland water transportation services,0.0
UK,Air transport services (62),0.0
UK,Supporting and auxiliary transport services; travel agency services (63),0.0
UK,Post and telecommunication services (64),0.0
UK,"Financial intermediation services, insurances",0.0
UK,Real estate services (70),0.0
UK,Renting services of machinery and equipment without operator and of personal and household goods (71),0.0
UK,Computer and related services (72),0.0
UK,Research and development services (73),0.0
UK,Other business services (74),0.0
UK,Public administration and defence services; compulsory social security services (75),0.0
UK,Education services (80),0.0
UK,Health and social work services (85),0.0
UK,Waste incineration,0.0
UK,Waste for treatment: biogasification and land application,0.0
UK,Composting and land application,0.0
UK,Landfill,0.0
UK,Membership organisation services n.e.c. (91),0.0
UK,"Recreational, cultural and sporting services (92)",0.0
UK,Other services (93),0.0
UK,Private households with employed persons (95),0.0
UK,Extra-territorial organizations and bodies,0.0
Rest of Europe,Paddy rice,75383.24220372974
Rest of Europe,Wheat,508991.206429197
Rest of Europe,Cereal grains nec,408386.5732518554
Rest of Europe,"Vegetables, fruit, nuts",367684.2376883789
Rest of Europe,Oil seeds,194693.88382906932
Rest of Europe,Crops nec,286989.4031625267
Rest of Europe,Cattle,217411.51791987036
Rest of Europe,Meat animals nec,615666.1424054502
Rest of Europe,Animal products nec,590048.7440897217
Rest of Europe,Raw milk,298514.2835944464
Rest of Europe,"Products of forestry, logging and related services (02)",1320597.5976216358
Rest of Europe,Fish and other fishing products; services incidental of fishing (05),184159.25978727816
Rest of Europe,"Coal, peat",4709776.735521204
Rest of Europe,"Crude petroleum and services related to crude oil extraction, excluding surveying",3873905.703234432
Rest of Europe,"Natural gas and services related to natural gas extraction, excluding surveying",5594085.405202707
Rest of Europe,Mining & Quarrying,1513932.4500767146
Rest of Europe,Meat products,1137991.0482907528
Rest of Europe,products of Vegetable oils and fats,149400.706223135
Rest of Europe,Dairy products,529443.092064216
Rest of Europe,"Other food, beverages, tobacco",4627033.895402535
Rest of Europe,"Textiles, apparel, furs, leather",524800.434847781
Rest of Europe,Wood and products of wood and cork (except furniture); articles of straw and plaiting materials,1099731.1640155427
Rest of Europe,Pulp,1431311.992299805
Rest of Europe,Paper and paper products,2102909.9391707517
Rest of Europe,Printed matter and recorded media (22),682078.4693161293
Rest of Europe,Coke and Tar,251083.1795371352
Rest of Europe,Petroleum products,37530653.8701603
Rest of Europe,Nuclear fuel,58659.79067529182
Rest of Europe,"Plastics, basic",4234990.354260025
Rest of Europe,N-fertiliser,60787.68639947041
Rest of Europe,P- and other fertiliser,239203.21987457853
Rest of Europe,Chemicals nec,2712321.510693961
Rest of Europe,Charcoal,22819.228835953938
Rest of Europe,Biofuels,75897.99795526675
Rest of Europe,Rubber and plastic products (25),556526.5812383532
Rest of Europe,"Glass, tiles, ceramics, bricks",935815.1933328833
Rest of Europe,"Cement, lime and plaster",1393191.2888151936
Rest of Europe,Other non-metallic mineral products,606650.8091680997
Rest of Europe,Basic iron and steel and of ferro-alloys and first products thereof,2613918.443879313
Rest of Europe,Precious metals,238443.99876012653
Rest of Europe,Aluminium and aluminium products,648032.8096318911
Rest of Europe,Other metals and products thereof,406409.30175860785
Rest of Europe,"Secondary lead for treatment, Re-processing of secondary lead into new lead",605281.6695036629
Rest of Europe,Foundry work services,621678.559861516
Rest of Europe,"Fabricated metal products, except machinery and equipment (28)",528662.5318078676
Rest of Europe,Machinery and equipment n.e.c. (29),141151.00103428678
Rest of Europe,Office machinery and computers (30),535270.7054644817
Rest of Europe,"Electrical machinery, audiovisual, and medical equipment",998822.7250119767
Rest of Europe,Vehicles and transport equipment,1200959.356154458
Rest of Europe,Furniture; other manufactured goods n.e.c. (36),722135.6839315038
Rest of Europe,Secondary raw materials,600260.3171056216
Rest of Europe,Electricity by coal,7069499.601835473
Rest of Europe,Electricity by gas and petroleum products,4509447.842931106
Rest of Europe,Electricity by nuclear,350482.89561661385
Rest of Europe,Electricity by hydro,2326670.3520535147
Rest of Europe,Electricity by wind,3344823.4167392747
Rest of Europe,Transmission and distribution of electricity,340353.0092624037
Rest of Europe,"Produced gas (Gas works, Blast ovens, etc.)",235071.30053635116
Rest of Europe,Distribution services of gaseous fuels through mains,3239816.6638823072
Rest of Europe,Steam and hot water supply services,9281424.29556692
Rest of Europe,"Collected and purified water, distribution services of water (41)",443872.6506437643
Rest of Europe,Construction work (45),2573713.6107854065
Rest of Europe,"Sale, maintenance, repair of motor vehicles, motor vehicles parts, motorcycles, motor cycles parts and accessoiries, fuel stations",800303.9416531958
Rest of Europe,"Wholesale trade and commission trade services, except of motor vehicles and motorcycles (51)",682664.9918848751
Rest of Europe,"Retail  trade services, except of motor vehicles and motorcycles; repair services of personal and household goods (52)",357310.8018371246
Rest of Europe,Hotel and restaurant services (55),1149570.2629133626
Rest of Europe,Railway transportation services,829534.2937657817
Rest of Europe,Other land transportation services,708898.7526406432
Rest of Europe,Transportation services via pipelines,558158.0706027008
Rest of Europe,Sea and coastal water transportation services,6785688.507240958
Rest of Europe,Inland water transportation services,623361.4089553413
Rest of Europe,Air transport services (62),5997636.394831507
Rest of Europe,Supporting and auxiliary transport services; travel agency services (63),1187424.0894201538
Rest of Europe,Post and telecommunication services (64),854341.7804302853
Rest of Europe,"Financial intermediation services, insurances",1005095.1804340731
Rest of Europe,Real estate services (70),1425343.3093577526
Rest of Europe,Renting services of machinery and equipment without operator and of personal and household goods (71),1010889.2297444079
Rest of Europe,Computer and related services (72),902768.0562002689
Rest of Europe,Research and development services (73),384821.7441258992
Rest of Europe,Other business services (74),3324069.5283971303
Rest of Europe,Public administration and defence services; compulsory social security services (75),930084.2328731084
Rest of Europe,Education services (80),1078013.2102400386
Rest of Europe,Health and social work services (85),1642083.720989661
Rest of Europe,Waste incineration,1582107.176016601
Rest of Europe,Waste for treatment: biogasification and land application,65980.72279040364
Rest of Europe,Composting and land application,210439.3531159124
Rest of Europe,Landfill,199308.74850576528
Rest of Europe,Membership organisation services n.e.c. (91),740132.9360713642
Rest of Europe,"Recreational, cultural and sporting services (92)",683132.2093449531
Rest of Europe,Other services (93),170655.5087341115
Rest of Europe,Private households with employed persons (95),85009.25450900127
Rest of Europe,Extra-territorial organizations and bodies,0.0
Rest of Asia,Paddy rice,3746513.654835809
Rest of Asia,Wheat,3381977.676920295
Rest of Asia,Cereal grains nec,1250444.4899330565
Rest of Asia,"Vegetables, fruit, nuts",2170389.896802728
Rest of Asia,Oil seeds,185674.0508413778
Rest of Asia,Crops nec,9537022.967210798
Rest of Asia,Cattle,196753.12457415005
Rest of Asia,Meat animals nec,436736.13677430496
Rest of Asia,Animal products nec,534667.6079818406
Rest of Asia,Raw milk,352764.58329331374
Rest of Asia,"Products of forestry, logging and related services (02)",6407511.018569755
Rest of Asia,Fish and other fishing products; services incidental of fishing (05),156618.93400447012
Rest of Asia,"Coal, peat",37136271.01304862
Rest of Asia,"Crude petroleum and services related to crude oil extraction, excluding surveying",67708047.6336692
Rest of Asia,"Natural gas and services related to natural gas extraction, excluding surveying",49184205.81857939
Rest of Asia,Mining & Quarrying,9804573.144932654
Rest of Asia,Meat products,1449461.4110634185
Rest of Asia,products of Vegetable oils and fats,471981.0390120053
Rest of Asia,Dairy products,381355.4438554638
Rest of Asia,"Other food, beverages, tobacco",30165263.45046864
Rest of Asia,"Textiles, apparel, furs, leather",15345663.975205094
Rest of Asia,Wood and products of wood and cork (except furniture); articles of straw and plaiting materials,5126139.808325455
Rest of Asia,Pulp,676019.966648937
Rest of Asia,Paper and paper products,2638128.3933436987
Rest of Asia,Printed matter and recorded media (22),916246.5631702527
Rest of Asia,Coke and Tar,1921977.4497926794
Rest of Asia,Petroleum products,129371437.93265755
Rest of Asia,Nuclear fuel,176700.73873601938
Rest of Asia,"Plastics, basic",10141273.267651437
Rest of Asia,N-fertiliser,150866.95557840742
Rest of Asia,P- and other fertiliser,1467898.042734482
Rest of Asia,Chemicals nec,44978043.21494628
Rest of Asia,Charcoal,44468.01282140458
Rest of Asia,Biofuels,101517.09419459474
Rest of Asia,Rubber and plastic products (25),2182379.1872075135
Rest of Asia,"Glass, tiles, ceramics, bricks",3309169.6172048585
Rest of Asia,"Cement, lime and plaster",4685186.640300784
Rest of Asia,Other non-metallic mineral products,4547534.117019087
Rest of Asia,Basic iron and steel and of ferro-alloys and first products thereof,11421074.924995992
Rest of Asia,Precious metals,212963.0777284248
Rest of Asia,Aluminium and aluminium products,907529.8527114876
Rest of Asia,Other metals and products thereof,793483.9965821261
Rest of Asia,"Secondary lead for treatment, Re-processing of secondary lead into new lead",1274672.589114891
Rest of Asia,Foundry work services,3362697.2978247833
Rest of Asia,"Fabricated metal products, except machinery and equipment (28)",4130125.549756258
Rest of Asia,Machinery and equipment n.e.c. (29),278906.95735145855
Rest of Asia,Office machinery and computers (30),1728750.3421425186
Rest of Asia,"Electrical machinery, audiovisual, and medical equipment",2689603.559780479
Rest of Asia,Vehicles and transport equipment,3050514.0904851845
Rest of Asia,Furniture; other manufactured goods n.e.c. (36),4963988.76286561
Rest of Asia,Secondary raw materials,1850285.6095156595
Rest of Asia,Electricity by coal,53458504.730081834
Rest of Asia,Electricity by gas and petroleum products,72958089.01668862
Rest of Asia,Electricity by nuclear,373706.6324630995
Rest of Asia,Electricity by hydro,5285634.56081192
Rest of Asia,Electricity by wind,3538631.96371545
Rest of Asia,Transmission and distribution of electricity,1874782.1082715816
Rest of Asia,"Produced gas (Gas works, Blast ovens, etc.)",825029.0527851311
Rest of Asia,Distribution services of gaseous fuels through mains,7625496.848832428
Rest of Asia,Steam and hot water supply services,6780388.798046371
Rest of Asia,"Collected and purified water, distribution services of water (41)",1300442.93572335
Rest of Asia,Construction work (45),10519956.355176076
Rest of Asia,"Sale, maintenance, repair of motor vehicles, motor vehicles parts, motorcycles, motor cycles parts and accessoiries, fuel stations",1674213.0613066577
Rest of Asia,"Wholesale trade and commission trade services, except of motor vehicles and motorcycles (51)",1707400.5989965363
Rest of Asia,"Retail  trade services, except of motor vehicles and motorcycles; repair services of personal and household goods (52)",1535496.6247294308
Rest of Asia,Hotel and restaurant services (55),4184898.7872301294
Rest of Asia,Railway transportation services,1891494.4382706662
Rest of Asia,Other land transportation services,1010185.4598671191
Rest of Asia,Transportation services via pipelines,478216.445700399
Rest of Asia,Sea and coastal water transportation services,11226446.221273612
Rest of Asia,Inland water transportation services,2242888.9316436807
Rest of Asia,Air transport services (62),13247325.304396387
Rest of Asia,Supporting and auxiliary transport services; travel agency services (63),7068882.519884516
Rest of Asia,Post and telecommunication services (64),1773789.8752237041
Rest of Asia,"Financial intermediation services, insurances",5142239.995345077
Rest of Asia,Real estate services (70),3619080.5697236164
Rest of Asia,Renting services of machinery and equipment without operator and of personal and household goods (71),1314381.9267354794
Rest of Asia,Computer and related services (72),1037975.9489373786
Rest of Asia,Research and development services (73),1807466.101561541
Rest of Asia,Other business services (74),3837518.2745069545
Rest of Asia,Public administration and defence services; compulsory social security services (75),4695001.032393422
Rest of Asia,Education services (80),2772855.609106018
Rest of Asia,Health and social work services (85),4770905.141462624
Rest of Asia,Waste incineration,1839798.4868428856
Rest of Asia,Waste for treatment: biogasification and land application,112613.75154207803
Rest of Asia,Composting and land application,541332.2286332317
Rest of Asia,Landfill,348231.4886661896
Rest of Asia,Membership organisation services n.e.c. (91),475371.64106006734
Rest of Asia,"Recreational, cultural and sporting services (92)",894416.9556562724
Rest of Asia,Other services (93),1039808.7655603806
Rest of Asia,Private households with employed persons (95),316097.1261854018
Rest of Asia,Extra-territorial organizations and bodies,0.0
Australia,Paddy rice,25105.9768989413
Australia,Wheat,30655.9960831796
Australia,Cereal grains nec,14693.711834879294
Australia,"Vegetables, fruit, nuts",181668.0779660769
Australia,Oil seeds,20865.56486111442
Australia,Crops nec,16112.707404448527
Australia,Cattle,40092.791039286094
Australia,Meat animals nec,13176.253783184962
Australia,Animal products nec,10603.475946488074
Australia,Raw milk,28245.547152756946
Australia,"Products of forestry, logging and related services (02)",105799.36313324975
Australia,Fish and other fishing products; services incidental of fishing (05),749.0688884288361
Australia,"Coal, peat",12027951.96077412
Australia,"Crude petroleum and services related to crude oil extraction, excluding surveying",1113314.756997026
Australia,"Natural gas and services related to natural gas extraction, excluding surveying",2489430.8794713514
Australia,Mining & Quarrying,683411.684640028
Australia,Meat products,69536.64356321597
Australia,products of Vegetable oils and fats,709.453949803071
Australia,Dairy products,92591.76061770205
Australia,"Other food, beverages, tobacco",754320.1060086361
Australia,"Textiles, apparel, furs, leather",28086.2604346033
Australia,Wood and products of wood and cork (except furniture); articles of straw and plaiting materials,63403.41410626078
Australia,Pulp,4331.225461415494
Australia,Paper and paper products,87088.71340656423
Australia,Printed matter and recorded media (22),39274.396523638105
Australia,Coke and Tar,1524.1511187853828
Australia,Petroleum products,2890648.4999933396
Australia,Nuclear fuel,712.6672989318
Australia,"Plastics, basic",45735.36045135132
Australia,N-fertiliser,73.03605783105795
Australia,P- and other fertiliser,18544.11860089051
Australia,Chemicals nec,359621.12083288946
Australia,Charcoal,0.0
Australia,Biofuels,6680.566204811317
Australia,Rubber and plastic products (25),567.5232470470401
Australia,"Glass, tiles, ceramics, bricks",149102.6319535414
Australia,"Cement, lime and plaster",140636.21069511506
Australia,Other non-metallic mineral products,19103.65236597608
Australia,Basic iron and steel and of ferro-alloys and first products thereof,115917.95472874856
Australia,Precious metals,208327.8629902148
Australia,Aluminium and aluminium products,589378.0470881126
Australia,Other metals and products thereof,189196.8306768683
Australia,"Secondary lead for treatment, Re-processing of secondary lead into new lead",5211.680251646747
Australia,Foundry work services,13825.42537973291
Australia,"Fabricated metal products, except machinery and equipment (28)",27730.00881968427
Australia,Machinery and equipment n.e.c. (29),13377.755426682783
Australia,Office machinery and computers (30),5461.750702013242
Australia,"Electrical machinery, audiovisual, and medical equipment",122781.80622931827
Australia,Vehicles and transport equipment,77452.07615016756
Australia,Furniture; other manufactured goods n.e.c. (36),17180.35080685564
Australia,Secondary raw materials,155541.16911255798
Australia,Electricity by coal,2597146.653686961
Australia,Electricity by gas and petroleum products,1358233.7962712392
Australia,Electricity by nuclear,202.33064949549646
Australia,Electricity by hydro,102547.50419945107
Australia,Electricity by wind,186807.96006653082
Australia,Transmission and distribution of electricity,136.244436831992
Australia,"Produced gas (Gas works, Blast ovens, etc.)",49881.79926201976
Australia,Distribution services of gaseous fuels through mains,171436.82543649862
Australia,Steam and hot water supply services,0.0
Australia,"Collected and purified water, distribution services of water (41)",152.20664994864
Australia,Construction work (45),812809.3736522399
Australia,"Sale, maintenance, repair of motor vehicles, motor vehicles parts, motorcycles, motor cycles parts and accessoiries, fuel stations",14130.310487020724
Australia,"Wholesale trade and commission trade services, except of motor vehicles and motorcycles (51)",7984.89850483734
Australia,"Retail  trade services, except of motor vehicles and motorcycles; repair services of personal and household goods (52)",6319.019439522795
Australia,Hotel and restaurant services (55),879774.0004691724
Australia,Railway transportation services,186552.62887101292
Australia,Other land transportation services,116545.79347617213
Australia,Transportation services via pipelines,30887.055267157142
Australia,Sea and coastal water transportation services,412374.0962201034
Australia,Inland water transportation services,269981.7184199323
Australia,Air transport services (62),1141664.198127149
Australia,Supporting and auxiliary transport services; travel agency services (63),53972.477228984986
Australia,Post and telecommunication services (64),63328.29861501981
Australia,"Financial intermediation services, insurances",54631.9028809501
Australia,Real estate services (70),132172.53495678853
Australia,Renting services of machinery and equipment without operator and of personal and household goods (71),214742.48800045534
Australia,Computer and related services (72),44859.02789242084
Australia,Research and development services (73),143098.46668052237
Australia,Other business services (74),1267327.1972054134
Australia,Public administration and defence services; compulsory social security services (75),137535.19580348517
Australia,Education services (80),25093.492203972906
Australia,Health and social work services (85),232002.73286496243
Australia,Waste incineration,0.0
Australia,Waste for treatment: biogasification and land application,1665.1518215225728
Australia,Composting and land application,8364.233228337702
Australia,Landfill,3233.2514764423336
Australia,Membership organisation services n.e.c. (91),1341.612317649968
Australia,"Recreational, cultural and sporting services (92)",8678.470687792953
Australia,Other services (93),3214.65253813556
Australia,Private households with employed persons (95),150485.35187783543
Australia,Extra-territorial organizations and bodies,0.0
Canada,Paddy rice,1.001411074599489
Canada,Wheat,203858.91063302924
Canada,Cereal grains nec,162142.55000539336
Canada,"Vegetables, fruit, nuts",195222.86767560343
Canada,Oil seeds,291376.7765349563
Canada,Crops nec,17318.406415520858
Canada,Cattle,104968.79845988288
Canada,Meat animals nec,77171.47181663539
Canada,Animal products nec,18322.51235702871
Canada,Raw milk,107167.3100630565
Canada,"Products of forestry, logging and related services (02)",557420.603331407
Canada,Fish and other fishing products; services incidental of fishing (05),19587.405347326618
Canada,"Coal, peat",167883.8346253226
Canada,"Crude petroleum and services related to crude oil extraction, excluding surveying",12333992.582286865
Canada,"Natural gas and services related to natural gas extraction, excluding surveying",7764919.938892107
Canada,Mining & Quarrying,436841.3473522977
Canada,Meat products,75156.1385926134
Canada,products of Vegetable oils and fats,3843.3788566954
Canada,Dairy products,39917.86137664624
Canada,"Other food, beverages, tobacco",782875.2957036786
Canada,"Textiles, apparel, furs, leather",63045.96933695888
Canada,Wood and products of wood and cork (except furniture); articles of straw and plaiting materials,363290.423494367
Canada,Pulp,449114.298107482
Canada,Paper and paper products,1099856.2178524865
Canada,Printed matter and recorded media (22),117659.24687695164
Canada,Coke and Tar,1136.9344088044418
Canada,Petroleum products,10395975.749496577
Canada,Nuclear fuel,568.5302433565872
Canada,"Plastics, basic",1115846.875060123
Canada,N-fertiliser,1040.5083627650927
Canada,P- and other fertiliser,61822.0194755127
Canada,Chemicals nec,1085387.3232710494
Canada,Charcoal,5.477217873697722
Canada,Biofuels,1480.2527700419923
Canada,Rubber and plastic products (25),199331.090922227
Canada,"Glass, tiles, ceramics, bricks",137418.27402458116
Canada,"Cement, lime and plaster",73837.69192793508
Canada,Other non-metallic mineral products,205667.85204675735
Canada,Basic iron and steel and of ferro-alloys and first products thereof,477341.0047018302
Canada,Precious metals,3889.206996875033
Canada,Aluminium and aluminium products,466423.1748094877
Canada,Other metals and products thereof,94370.3266468736
Canada,"Secondary lead for treatment, Re-processing of secondary lead into new lead",42761.169656038415
Canada,Foundry work services,61483.481129810694
Canada,"Fabricated metal products, except machinery and equipment (28)",144130.13659062696
Canada,Machinery and equipment n.e.c. (29),2477.695025322914
Canada,Office machinery and computers (30),33167.92807719223
Canada,"Electrical machinery, audiovisual, and medical equipment",58440.80639951682
Canada,Vehicles and transport equipment,142256.76813827967
Canada,Furniture; other manufactured goods n.e.c. (36),194432.7289144228
Canada,Secondary raw materials,11.173505247391454
Canada,Electricity by coal,577236.7059088631
Canada,Electricity by gas and petroleum products,999289.9085693359
Canada,Electricity by nuclear,164202.96317047544
Canada,Electricity by hydro,3345853.111447261
Canada,Electricity by wind,748454.8892162882
Canada,Transmission and distribution of electricity,397878.4554262447
Canada,"Produced gas (Gas works, Blast ovens, etc.)",3234.4349989201314
Canada,Distribution services of gaseous fuels through mains,362589.8230805828
Canada,Steam and hot water supply services,141.90649064639717
Canada,"Collected and purified water, distribution services of water (41)",280970.8924437456
Canada,Construction work (45),495132.6609524451
Canada,"Sale, maintenance, repair of motor vehicles, motor vehicles parts, motorcycles, motor cycles parts and accessoiries, fuel stations",297116.1692200705
Canada,"Wholesale trade and commission trade services, except of motor vehicles and motorcycles (51)",80800.29969718587
Canada,"Retail  trade services, except of motor vehicles and motorcycles; repair services of personal and household goods (52)",300199.87574249855
Canada,Hotel and restaurant services (55),407532.43787181017
Canada,Railway transportation services,709869.8396550054
Canada,Other land transportation services,618321.8173862863
Canada,Transportation services via pipelines,464752.1904611905
Canada,Sea and coastal water transportation services,444045.5231547042
Canada,Inland water transportation services,204969.61945888598
Canada,Air transport services (62),1360692.0255279848
Canada,Supporting and auxiliary transport services; travel agency services (63),94281.56023791461
Canada,Post and telecommunication services (64),41206.45258647079
Canada,"Financial intermediation services, insurances",351582.11691065726
Canada,Real estate services (70),849744.7351509125
Canada,Renting services of machinery and equipment without operator and of personal and household goods (71),54690.30586252913
Canada,Computer and related services (72),144637.92098624306
Canada,Research and development services (73),24777.579889080116
Canada,Other business services (74),360760.5459936447
Canada,Public administration and defence services; compulsory social security services (75),1797955.1966480545
Canada,Education services (80),41399.69164068591
Canada,Health and social work services (85),217467.7101788256
Canada,Waste incineration,25613.37895330506
Canada,Waste for treatment: biogasification and land application,300.9787762420545
Canada,Composting and land application,37178.50869690869
Canada,Landfill,150560.66346416762
Canada,Membership organisation services n.e.c. (91),122853.3188829644
Canada,"Recreational, cultural and sporting services (92)",124007.24067865203
Canada,Other services (93),35202.45634878287
Canada,Private households with employed persons (95),4886.760999603974
Canada,Extra-territorial organizations and bodies,0.0
Brazil,Paddy rice,21827.34849829929
Brazil,Wheat,6579.15460762518
Brazil,Cereal grains nec,119754.74058837211
Brazil,"Vegetables, fruit, nuts",9555.237736973246
Brazil,Oil seeds,366865.0856829705
Brazil,Crops nec,1958545.599012624
Brazil,Cattle,272441.3460106029
Brazil,Meat animals nec,114162.64664220536
Brazil,Animal products nec,16347.328338954369
Brazil,Raw milk,214239.7819213793
Brazil,"Products of forestry, logging and related services (02)",747775.9813271767
Brazil,Fish and other fishing products; services incidental of fishing (05),10576.292250587736
Brazil,"Coal, peat",58330.04472158567
Brazil,"Crude petroleum and services related to crude oil extraction, excluding surveying",5871391.438750428
Brazil,"Natural gas and services related to natural gas extraction, excluding surveying",1106615.868705076
Brazil,Mining & Quarrying,1328419.7580863978
Brazil,Meat products,410060.15635497053
Brazil,products of Vegetable oils and fats,26962.865594309907
Brazil,Dairy products,246767.31847742575
Brazil,"Other food, beverages, tobacco",6336306.894681878
Brazil,"Textiles, apparel, furs, leather",148606.86595654377
Brazil,Wood and products of wood and cork (except furniture); articles of straw and plaiting materials,515724.9690933274
Brazil,Pulp,1325631.9782732506
Brazil,Paper and paper products,1431105.3903652434
Brazil,Printed matter and recorded media (22),99978.38763197378
Brazil,Coke and Tar,77797.8259308188
Brazil,Petroleum products,12355959.23151331
Brazil,Nuclear fuel,54.55277509646181
Brazil,"Plastics, basic",284957.4307361754
Brazil,N-fertiliser,12240.215476175727
Brazil,P- and other fertiliser,28468.660970672754
Brazil,Chemicals nec,4476807.332342657
Brazil,Charcoal,54998.34235568662
Brazil,Biofuels,18830.074151304605
Brazil,Rubber and plastic products (25),175233.59810111078
Brazil,"Glass, tiles, ceramics, bricks",415903.52810806845
Brazil,"Cement, lime and plaster",453236.92016535066
Brazil,Other non-metallic mineral products,669816.8350094048
Brazil,Basic iron and steel and of ferro-alloys and first products thereof,2017964.0668984922
Brazil,Precious metals,88302.47744570099
Brazil,Aluminium and aluminium products,1042668.1816556454
Brazil,Other metals and products thereof,357205.74763801496
Brazil,"Secondary lead for treatment, Re-processing of secondary lead into new lead",904210.283836063
Brazil,Foundry work services,252059.05504781817
Brazil,"Fabricated metal products, except machinery and equipment (28)",151544.2708945548
Brazil,Machinery and equipment n.e.c. (29),19488.049238212865
Brazil,Office machinery and computers (30),112098.58869774784
Brazil,"Electrical machinery, audiovisual, and medical equipment",37106.796693358934
Brazil,Vehicles and transport equipment,157949.2852152078
Brazil,Furniture; other manufactured goods n.e.c. (36),468921.166728306
Brazil,Secondary raw materials,30428.82051031509
Brazil,Electricity by coal,395368.624553902
Brazil,Electricity by gas and petroleum products,2813403.061850735
Brazil,Electricity by nuclear,30786.38790394325
Brazil,Electricity by hydro,3353482.425017412
Brazil,Electricity by wind,1245404.610208727
Brazil,Transmission and distribution of electricity,2172.9405691494608
Brazil,"Produced gas (Gas works, Blast ovens, etc.)",22003.801718181734
Brazil,Distribution services of gaseous fuels through mains,783844.41554224
Brazil,Steam and hot water supply services,6.274259051599831e-05
Brazil,"Collected and purified water, distribution services of water (41)",5.847789471442116
Brazil,Construction work (45),42257.11085912405
Brazil,"Sale, maintenance, repair of motor vehicles, motor vehicles parts, motorcycles, motor cycles parts and accessoiries, fuel stations",1084.2944699360269
Brazil,"Wholesale trade and commission trade services, except of motor vehicles and motorcycles (51)",368556.90479360527
Brazil,"Retail  trade services, except of motor vehicles and motorcycles; repair services of personal and household goods (52)",103011.88624451785
Brazil,Hotel and restaurant services (55),45205.58151552391
Brazil,Railway transportation services,279983.53770961444
Brazil,Other land transportation services,67538.09362400323
Brazil,Transportation services via pipelines,611941.3161634866
Brazil,Sea and coastal water transportation services,186537.98121643852
Brazil,Inland water transportation services,311246.68820236414
Brazil,Air transport services (62),1034504.70144442
Brazil,Supporting and auxiliary transport services; travel agency services (63),16478.119433679647
Brazil,Post and telecommunication services (64),7886.753590693101
Brazil,"Financial intermediation services, insurances",85367.2127762002
Brazil,Real estate services (70),153669.4407502287
Brazil,Renting services of machinery and equipment without operator and of personal and household goods (71),10232.582874221793
Brazil,Computer and related services (72),235536.9109881856
Brazil,Research and development services (73),54584.343473604786
Brazil,Other business services (74),303505.5375187644
Brazil,Public administration and defence services; compulsory social security services (75),30221.688712514202
Brazil,Education services (80),48009.207161260885
Brazil,Health and social work services (85),163271.37882253795
Brazil,Waste incineration,150.87650077283655
Brazil,Waste for treatment: biogasification and land application,22.865528184054156
Brazil,Composting and land application,660257.6331539755
Brazil,Landfill,257971.6270299714
Brazil,Membership organisation services n.e.c. (91),41916.79277246503
Brazil,"Recreational, cultural and sporting services (92)",516.0
Brazil,Other services (93),396.0
Brazil,Private households with employed persons (95),76.0
Brazil,Extra-territorial organizations and bodies,0.0
US,Paddy rice,777151.351248278
US,Wheat,501239.53546903067
US,Cereal grains nec,641312.2749826439
US,"Vegetables, fruit, nuts",426776.0674917385
US,Oil seeds,325491.08679939655
US,Crops nec,969661.6808662757
US,Cattle,955160.8872112365
US,Meat animals nec,2233007.5099500613
US,Animal products nec,92938.9881943324
US,Raw milk,342025.2484123184
US,"Products of forestry, logging and related services (02)",1565432.8305335867
US,Fish and other fishing products; services incidental of fishing (05),196753.0
US,"Coal, peat",17047776.579560705
US,"Crude petroleum and services related to crude oil extraction, excluding surveying",21500605.175495245
US,"Natural gas and services related to natural gas extraction, excluding surveying",29646774.700991016
US,Mining & Quarrying,1692777.9745790563
US,Meat products,1102124.180556721
US,products of Vegetable oils and fats,230541.52909195094
US,Dairy products,1743270.0100827906
US,"Other food, beverages, tobacco",7377629.610293756
US,"Textiles, apparel, furs, leather",1197422.3704052921
US,Wood and products of wood and cork (except furniture); articles of straw and plaiting materials,1033533.6919147926
US,Pulp,526310.9760232423
US,Paper and paper products,7836093.10980914
US,Printed matter and recorded media (22),943829.4149048531
US,Coke and Tar,6069.822771038493
US,Petroleum products,96477483.01653941
US,Nuclear fuel,1492.7924202867407
US,"Plastics, basic",5060863.603316162
US,N-fertiliser,38154.75200215778
US,P- and other fertiliser,457411.5732468696
US,Chemicals nec,12886059.708082495
US,Charcoal,0.0
US,Biofuels,82057.35920731515
US,Rubber and plastic products (25),991698.0464712873
US,"Glass, tiles, ceramics, bricks",646444.7388045399
US,"Cement, lime and plaster",1645191.0477489885
US,Other non-metallic mineral products,332865.35990904056
US,Basic iron and steel and of ferro-alloys and first products thereof,1222281.8831957346
US,Precious metals,182262.81870290014
US,Aluminium and aluminium products,447895.82266564923
US,Other metals and products thereof,317627.6954430491
US,"Secondary lead for treatment, Re-processing of secondary lead into new lead",607745.0527540618
US,Foundry work services,1443969.3245150466
US,"Fabricated metal products, except machinery and equipment (28)",1145137.0541287686
US,Machinery and equipment n.e.c. (29),228710.33386794577
US,Office machinery and computers (30),339993.01205885864
US,"Electrical machinery, audiovisual, and medical equipment",1070882.7496959206
US,Vehicles and transport equipment,3646547.9557583695
US,Furniture; other manufactured goods n.e.c. (36),3009624.4211426536
US,Secondary raw materials,79512.82684113776
US,Electricity by coal,25378894.389488548
US,Electricity by gas and petroleum products,29673519.46628188
US,Electricity by nuclear,899516.4645414889
US,Electricity by hydro,2173745.8809504425
US,Electricity by wind,3410608.3283506758
US,Transmission and distribution of electricity,261112.3917591286
US,"Produced gas (Gas works, Blast ovens, etc.)",63536.7087332585
US,Distribution services of gaseous fuels through mains,4889786.489738123
US,Steam and hot water supply services,5153343.328343146
US,"Collected and purified water, distribution services of water (41)",437478.4238241698
US,Construction work (45),2065263.0
US,"Sale, maintenance, repair of motor vehicles, motor vehicles parts, motorcycles, motor cycles parts and accessoiries, fuel stations",221607.0
US,"Wholesale trade and commission trade services, except of motor vehicles and motorcycles (51)",519437.0
US,"Retail  trade services, except of motor vehicles and motorcycles; repair services of personal and household goods (52)",15985.0
US,Hotel and restaurant services (55),930189.2721645825
US,Railway transportation services,2063552.0
US,Other land transportation services,17283.9379437833
US,Transportation services via pipelines,2355062.0
US,Sea and coastal water transportation services,2218306.514535218
US,Inland water transportation services,1542457.1585370512
US,Air transport services (62),14561258.086626125
US,Supporting and auxiliary transport services; travel agency services (63),542247.807940849
US,Post and telecommunication services (64),904725.2977993356
US,"Financial intermediation services, insurances",1386686.1000284706
US,Real estate services (70),4586200.533200552
US,Renting services of machinery and equipment without operator and of personal and household goods (71),377374.27460843546
US,Computer and related services (72),608508.5353021339
US,Research and development services (73),324921.454620661
US,Other business services (74),3634495.3800219046
US,Public administration and defence services; compulsory social security services (75),8210437.67970872
US,Education services (80),1057570.4950038297
US,Health and social work services (85),3068242.210237397
US,Waste incineration,726974.2383281194
US,Waste for treatment: biogasification and land application,27146.674835024063
US,Composting and land application,79656.7477876483
US,Landfill,44203.363044395046
US,Membership organisation services n.e.c. (91),332670.9423355282
US,"Recreational, cultural and sporting services (92)",416510.99243019306
US,Other services (93),723992.8765385591
US,Private households with employed persons (95),22377.99820501043
US,Extra-territorial organizations and bodies,0.0
Rest of Americas,Paddy rice,26027.012629421144
Rest of Americas,Wheat,74758.91845844401
Rest of Americas,Cereal grains nec,389484.7753528905
Rest of Americas,"Vegetables, fruit, nuts",339299.55113901006
Rest of Americas,Oil seeds,93844.52994577581
Rest of Americas,Crops nec,784570.8898693767
Rest of Americas,Cattle,272009.8796094042
Rest of Americas,Meat animals nec,243379.5766969402
Rest of Americas,Animal products nec,394118.4399165588
Rest of Americas,Raw milk,138647.3702189779
Rest of Americas,"Products of forestry, logging and related services (02)",1207492.966141692
Rest of Americas,Fish and other fishing products; services incidental of fishing (05),205579.41170888842
Rest of Americas,"Coal, peat",4910435.075876235
Rest of Americas,"Crude petroleum and services related to crude oil extraction, excluding surveying",19839203.454272967
Rest of Americas,"Natural gas and services related to natural gas extraction, excluding surveying",9554582.42443384
Rest of Americas,Mining & Quarrying,3121469.4386651753
Rest of Americas,Meat products,914806.049536454
Rest of Americas,products of Vegetable oils and fats,659405.1346180183
Rest of Americas,Dairy products,703842.9081530388
Rest of Americas,"Other food, beverages, tobacco",5600481.618582183
Rest of Americas,"Textiles, apparel, furs, leather",2035048.801133818
Rest of Americas,Wood and products of wood and cork (except furniture); articles of straw and plaiting materials,621384.0684561166
Rest of Americas,Pulp,404949.78625790856
Rest of Americas,Paper and paper products,802958.6340075001
Rest of Americas,Printed matter and recorded media (22),301677.16521678376
Rest of Americas,Coke and Tar,131982.81097425878
Rest of Americas,Petroleum products,24242507.93296975
Rest of Americas,Nuclear fuel,15848.233581573382
Rest of Americas,"Plastics, basic",2043273.7029106726
Rest of Americas,N-fertiliser,99142.22843200457
Rest of Americas,P- and other fertiliser,483759.9509220924
Rest of Americas,Chemicals nec,2406407.4620982576
Rest of Americas,Charcoal,11908.652768179942
Rest of Americas,Biofuels,26270.209879078167
Rest of Americas,Rubber and plastic products (25),772810.4770642869
Rest of Americas,"Glass, tiles, ceramics, bricks",1443867.3857410415
Rest of Americas,"Cement, lime and plaster",725636.8602023866
Rest of Americas,Other non-metallic mineral products,287412.8581654873
Rest of Americas,Basic iron and steel and of ferro-alloys and first products thereof,979472.1811348493
Rest of Americas,Precious metals,80242.0640452153
Rest of Americas,Aluminium and aluminium products,82323.8451590009
Rest of Americas,Other metals and products thereof,356379.925026461
Rest of Americas,"Secondary lead for treatment, Re-processing of secondary lead into new lead",618841.6820046474
Rest of Americas,Foundry work services,483001.3191128541
Rest of Americas,"Fabricated metal products, except machinery and equipment (28)",449375.80789602525
Rest of Americas,Machinery and equipment n.e.c. (29),96492.19300551678
Rest of Americas,Office machinery and computers (30),179486.78846516518
Rest of Americas,"Electrical machinery, audiovisual, and medical equipment",378528.39791530056
Rest of Americas,Vehicles and transport equipment,671877.8071052043
Rest of Americas,Furniture; other manufactured goods n.e.c. (36),858231.2912594569
Rest of Americas,Secondary raw materials,177709.9180248833
Rest of Americas,Electricity by coal,2169373.6398805613
Rest of Americas,Electricity by gas and petroleum products,13162715.030113637
Rest of Americas,Electricity by nuclear,62622.96222398664
Rest of Americas,Electricity by hydro,3037961.7301488863
Rest of Americas,Electricity by wind,872486.2144790099
Rest of Americas,Transmission and distribution of electricity,67673.5164250212
Rest of Americas,"Produced gas (Gas works, Blast ovens, etc.)",19266.955055725804
Rest of Americas,Distribution services of gaseous fuels through mains,487735.6048129259
Rest of Americas,Steam and hot water supply services,569739.6029687367
Rest of Americas,"Collected and purified water, distribution services of water (41)",87223.30275093135
Rest of Americas,Construction work (45),1221478.8556799842
Rest of Americas,"Sale, maintenance, repair of motor vehicles, motor vehicles parts, motorcycles, motor cycles parts and accessoiries, fuel stations",214832.2142939025
Rest of Americas,"Wholesale trade and commission trade services, except of motor vehicles and motorcycles (51)",260938.2885113574
Rest of Americas,"Retail  trade services, except of motor vehicles and motorcycles; repair services of personal and household goods (52)",78670.93464447561
Rest of Americas,Hotel and restaurant services (55),139695.73446967447
Rest of Americas,Railway transportation services,228765.5274477832
Rest of Americas,Other land transportation services,204766.4352652399
Rest of Americas,Transportation services via pipelines,129745.06557640844
Rest of Americas,Sea and coastal water transportation services,427040.6334034548
Rest of Americas,Inland water transportation services,309157.2811306859
Rest of Americas,Air transport services (62),1058289.2632485428
Rest of Americas,Supporting and auxiliary transport services; travel agency services (63),84119.87869318767
Rest of Americas,Post and telecommunication services (64),63942.59833127701
Rest of Americas,"Financial intermediation services, insurances",400732.14095144765
Rest of Americas,Real estate services (70),337402.9968658787
Rest of Americas,Renting services of machinery and equipment without operator and of personal and household goods (71),236664.78847184282
Rest of Americas,Computer and related services (72),94208.71936342539
Rest of Americas,Research and development services (73),135249.52663925313
Rest of Americas,Other business services (74),608429.2559094054
Rest of Americas,Public administration and defence services; compulsory social security services (75),1346172.2506575892
Rest of Americas,Education services (80),335505.25795324333
Rest of Americas,Health and social work services (85),238172.97889034683
Rest of Americas,Waste incineration,130180.4385933158
Rest of Americas,Waste for treatment: biogasification and land application,29017.78564050092
Rest of Americas,Composting and land application,124055.48234359731
Rest of Americas,Landfill,96842.22586688203
Rest of Americas,Membership organisation services n.e.c. (91),20789.667792379376
Rest of Americas,"Recreational, cultural and sporting services (92)",65199.04703759582
Rest of Americas,Other services (93),100492.63737486581
Rest of Americas,Private households with employed persons (95),14287.66336284084
Rest of Americas,Extra-territorial organizations and bodies,0.0
Africa,Paddy rice,228648.4367573058
Africa,Wheat,126785.60783509565
Africa,Cereal grains nec,25269.05408844022
Africa,"Vegetables, fruit, nuts",229331.13767353492
Africa,Oil seeds,40535.627538734705
Africa,Crops nec,11757398.952050123
Africa,Cattle,155094.56376408084
Africa,Meat animals nec,389336.9896617803
Africa,Animal products nec,56972.800859025476
Africa,Raw milk,159028.13040756702
Africa,"Products of forestry, logging and related services (02)",2907326.0683316546
Africa,Fish and other fishing products; services incidental of fishing (05),32601.966249456917
Africa,"Coal, peat",12247189.11215914
Africa,"Crude petroleum and services related to crude oil extraction, excluding surveying",11789725.598119285
Africa,"Natural gas and services related to natural gas extraction, excluding surveying",8529384.999838622
Africa,Mining & Quarrying,1190165.037570878
Africa,Meat products,1290867.37511186
Africa,products of Vegetable oils and fats,146618.55305951703
Africa,Dairy products,208825.56391320447
Africa,"Other food, beverages, tobacco",13937211.604114734
Africa,"Textiles, apparel, furs, leather",799483.0952288888
Africa,Wood and products of wood and cork (except furniture); articles of straw and plaiting materials,534243.4086605861
Africa,Pulp,938031.0428868226
Africa,Paper and paper products,475422.06425605284
Africa,Printed matter and recorded media (22),92354.95849722892
Africa,Coke and Tar,38443.52646801682
Africa,Petroleum products,10745474.260030588
Africa,Nuclear fuel,4931.171720286009
Africa,"Plastics, basic",651587.1144076415
Africa,N-fertiliser,40193.70257227075
Africa,P- and other fertiliser,176139.28810285177
Africa,Chemicals nec,9883885.823356736
Africa,Charcoal,43173.435416129054
Africa,Biofuels,10903.476572594698
Africa,Rubber and plastic products (25),592594.6918636514
Africa,"Glass, tiles, ceramics, bricks",385499.5746713939
Africa,"Cement, lime and plaster",415619.00519453303
Africa,Other non-metallic mineral products,501093.9623119191
Africa,Basic iron and steel and of ferro-alloys and first products thereof,341039.95408589503
Africa,Precious metals,49854.92025957851
Africa,Aluminium and aluminium products,259792.35892821202
Africa,Other metals and products thereof,249127.9191720486
Africa,"Secondary lead for treatment, Re-processing of secondary lead into new lead",100849.83448155902
Africa,Foundry work services,179174.53347894314
Africa,"Fabricated metal products, except machinery and equipment (28)",984501.1892110232
Africa,Machinery and equipment n.e.c. (29),77553.64046150199
Africa,Office machinery and computers (30),87517.86751020937
Africa,"Electrical machinery, audiovisual, and medical equipment",943759.5620690124
Africa,Vehicles and transport equipment,281973.355119901
Africa,Furniture; other manufactured goods n.e.c. (36),483735.85337417264
Africa,Secondary raw materials,674574.641885841
Africa,Electricity by coal,10385011.852397174
Africa,Electricity by gas and petroleum products,6693826.896380519
Africa,Electricity by nuclear,49626.98412088296
Africa,Electricity by hydro,987664.2119891786
Africa,Electricity by wind,555616.6816416632
Africa,Transmission and distribution of electricity,467369.40489568864
Africa,"Produced gas (Gas works, Blast ovens, etc.)",191462.77959909075
Africa,Distribution services of gaseous fuels through mains,829692.9970789067
Africa,Steam and hot water supply services,364306.52020900836
Africa,"Collected and purified water, distribution services of water (41)",409710.40209504776
Africa,Construction work (45),2783588.1396189663
Africa,"Sale, maintenance, repair of motor vehicles, motor vehicles parts, motorcycles, motor cycles parts and accessoiries, fuel stations",132101.15460493002
Africa,"Wholesale trade and commission trade services, except of motor vehicles and motorcycles (51)",173872.23455317892
Africa,"Retail  trade services, except of motor vehicles and motorcycles; repair services of personal and household goods (52)",60641.76425549977
Africa,Hotel and restaurant services (55),766797.7828311914
Africa,Railway transportation services,140910.5509422205
Africa,Other land transportation services,96118.64928627519
Africa,Transportation services via pipelines,82071.34646152116
Africa,Sea and coastal water transportation services,187265.24471333204
Africa,Inland water transportation services,71207.68172772814
Africa,Air transport services (62),1026136.6450623372
Africa,Supporting and auxiliary transport services; travel agency services (63),113993.70020066143
Africa,Post and telecommunication services (64),50784.852341969236
Africa,"Financial intermediation services, insurances",184051.19397962381
Africa,Real estate services (70),561066.8378547337
Africa,Renting services of machinery and equipment without operator and of personal and household goods (71),366177.0257036848
Africa,Computer and related services (72),221220.6682667248
Africa,Research and development services (73),87251.09632006189
Africa,Other business services (74),1234963.0494483206
Africa,Public administration and defence services; compulsory social security services (75),689455.5708151666
Africa,Education services (80),258550.12985220837
Africa,Health and social work services (85),327334.3098755945
Africa,Waste incineration,157996.91854057505
Africa,Waste for treatment: biogasification and land application,52910.36879349715
Africa,Composting and land application,878994.1867906665
Africa,Landfill,200853.36991902074
Africa,Membership organisation services n.e.c. (91),120171.49809448743
Africa,"Recreational, cultural and sporting services (92)",529625.2346345633
Africa,Other services (93),367499.08386008255
Africa,Private households with employed persons (95),206039.56884941302
Africa,Extra-territorial organizations and bodies,0.0
