freq,deg_urb,unit,geo\TIME_PERIOD	1988 	1994 	1999 	2005 	2010 	2015 	2020 
A,DEG1,PPS_AE,AT	: 	: 	18390 	20567 	22331 	22201 	22597 
A,DEG1,PPS_AE,BE	9626 	14293 	16804 	18686 	20082 	22277 	19556 
A,DEG1,PPS_AE,BG	: 	: 	: 	5267 	7291 	9700 	10343 
A,DEG1,PPS_AE,CY	: 	: 	: 	18558 	25900 	22008 	21140 e
A,DEG1,PPS_AE,CZ	: 	: 	: 	6994 	8877 	10337 	12348 
A,DEG1,PPS_AE,DE	10584 	13566 	: 	19176 	19218 	20847 	21731 
A,DEG1,PPS_AE,DK	: 	12671 	15310 	16551 	19141 	20797 	20528 
A,DEG1,PPS_AE,EA	: 	: 	: 	17630 u	18688 s	: 	: 
A,DEG1,PPS_AE,EA12	: 	: 	: 	17641 u	18951 s	: 	: 
A,DEG1,PPS_AE,EA13	: 	: 	: 	17630 u	18942 s	: 	: 
A,DEG1,PPS_AE,EA17	: 	: 	: 	: 	18757 s	: 	: 
A,DEG1,PPS_AE,EA18	: 	: 	: 	: 	18688 s	: 	: 
A,DEG1,PPS_AE,EE	: 	: 	: 	6733 	7435 	11673 	12144 
A,DEG1,PPS_AE,EEA28	: 	: 	: 	16273 e	17116 s	: 	: 
A,DEG1,PPS_AE,EEA30_2007	: 	: 	: 	: 	16965 s	: 	: 
A,DEG1,PPS_AE,EFTA	: 	: 	: 	20639 u	24476 u	: 	: 
A,DEG1,PPS_AE,EL	9593 	: 	: 	18508 	17924 	15017 	14532 
A,DEG1,PPS_AE,ES	: 	10820 	11055 	15370 	19014 	19433 	18018 
A,DEG1,PPS_AE,EU15	: 	: 	: 	18012 u	18291 s	: 	: 
A,DEG1,PPS_AE,EU25	: 	: 	: 	16227 e	17040 s	: 	: 
A,DEG1,PPS_AE,EU27_2007	: 	: 	: 	16038 u	16889 s	: 	: 
A,DEG1,PPS_AE,EU27_2020	: 	: 	: 	: 	: 	18214 	18070 s
A,DEG1,PPS_AE,FI	: 	10636 	12413 	17842 	17824 	21978 	: 
A,DEG1,PPS_AE,FR	8426 	: 	16037 	16863 	18487 	20218 	19736 e
A,DEG1,PPS_AE,HR	: 	: 	: 	11420 	11198 	12598 	14360 
A,DEG1,PPS_AE,HU	: 	: 	: 	7335 	10475 	12634 	15290 
A,DEG1,PPS_AE,IE	: 	: 	18679 	: 	21266 	21024 	: 
A,DEG1,PPS_AE,IT	9514 	12784 	16928 	18252 	18711 	20753 	19689 
A,DEG1,PPS_AE,LT	: 	: 	: 	7390 	10718 	13777 	15360 
A,DEG1,PPS_AE,LU	17489 	: 	26635 	32547 	28796 	29395 	32775 
A,DEG1,PPS_AE,LV	: 	: 	: 	6371 	7938 	9730 	12199 
A,DEG1,PPS_AE,MT	: 	: 	: 	: 	14682 	16246 	15465 e
A,DEG1,PPS_AE,NL	: 	: 	: 	: 	20274 	21400 	21888 
A,DEG1,PPS_AE,NO	: 	: 	: 	20639 	24476 	27460 	: 
A,DEG1,PPS_AE,PL	: 	: 	: 	6798 	10215 	12273 	11223 
A,DEG1,PPS_AE,PT	7001 	10113 	11615 	13522 	15071 	16663 	: 
A,DEG1,PPS_AE,RO	: 	: 	: 	: 	: 	8809 	11245 
A,DEG1,PPS_AE,SE	: 	12131 	15789 	18862 	18787 	19642 	: 
A,DEG1,PPS_AE,SI	: 	: 	: 	16041 	17460 	17506 	18203 
A,DEG1,PPS_AE,SK	: 	: 	: 	7566 	9729 	11562 	10108 
A,DEG1,PPS_AE,UK	13426 	12575 	17250 	19826 	14760 	15341 	: 
A,DEG1,PPS_AE,XK	: 	: 	: 	: 	: 	5147 	: 
A,DEG1,PPS_HH,AT	: 	: 	26289 	29197 	31687 	30803 	31862 
A,DEG1,PPS_HH,BE	17030 	22681 	26897 	29337 	30135 	33083 	28526 
A,DEG1,PPS_HH,BG	: 	: 	: 	8754 	11938 	15352 	15202 
A,DEG1,PPS_HH,CY	: 	: 	: 	36428 	46609 	37143 	35679 e
A,DEG1,PPS_HH,CZ	: 	: 	: 	12628 	13664 	15666 	18620 
A,DEG1,PPS_HH,DE	17618 	19510 	: 	27614 	27065 	29147 	30415 
A,DEG1,PPS_HH,DK	: 	18035 	22653 	23601 	27019 	30226 	29283 
A,DEG1,PPS_HH,EA	: 	: 	: 	27975 u	28515 s	: 	: 
A,DEG1,PPS_HH,EA12	: 	: 	: 	27986 u	28850 s	: 	: 
A,DEG1,PPS_HH,EA13	: 	: 	: 	27975 u	28844 s	: 	: 
A,DEG1,PPS_HH,EA17	: 	: 	: 	: 	28615 s	: 	: 
A,DEG1,PPS_HH,EA18	: 	: 	: 	: 	28515 s	: 	: 
A,DEG1,PPS_HH,EE	: 	: 	: 	10816 	11328 	17783 	17950 
A,DEG1,PPS_HH,EEA28	: 	: 	: 	25827 e	26308 s	: 	: 
A,DEG1,PPS_HH,EEA30_2007	: 	: 	: 	: 	26088 s	: 	: 
A,DEG1,PPS_HH,EFTA	: 	: 	: 	30651 u	36827 u	: 	: 
A,DEG1,PPS_HH,EL	17468 	: 	: 	32152 	30978 	24280 	23478 
A,DEG1,PPS_HH,ES	: 	21445 	22268 	28147 	32402 	31319 	28867 
A,DEG1,PPS_HH,EU15	: 	: 	: 	28454 u	27990 s	: 	: 
A,DEG1,PPS_HH,EU25	: 	: 	: 	25776 e	26200 s	: 	: 
A,DEG1,PPS_HH,EU27_2007	: 	: 	: 	25482 u	25979 s	: 	: 
A,DEG1,PPS_HH,EU27_2020	: 	: 	: 	: 	: 	27224 	26827 s
A,DEG1,PPS_HH,FI	: 	16152 	18457 	25914 	25647 	31219 	: 
A,DEG1,PPS_HH,FR	15072 	: 	25134 	27833 	27393 	29838 	29128 e
A,DEG1,PPS_HH,HR	: 	: 	: 	19424 	18959 	22358 	24584 
A,DEG1,PPS_HH,HU	: 	: 	: 	11900 	15457 	18576 	22319 
A,DEG1,PPS_HH,IE	: 	: 	34919 	: 	36674 	35437 	: 
A,DEG1,PPS_HH,IT	17019 	22665 	28527 	28880 	28986 	30470 	29003 
A,DEG1,PPS_HH,LT	: 	: 	: 	11501 	17391 	20168 	20456 
A,DEG1,PPS_HH,LU	28301 	: 	40483 	47824 	43521 	43987 	45519 
A,DEG1,PPS_HH,LV	: 	: 	: 	12228 	12911 	15450 	18549 
A,DEG1,PPS_HH,MT	: 	: 	: 	: 	26795 	28166 	26812 e
A,DEG1,PPS_HH,NL	: 	: 	: 	: 	29683 	31171 	32027 
A,DEG1,PPS_HH,NO	: 	: 	: 	30651 	36827 	37345 	: 
A,DEG1,PPS_HH,PL	: 	: 	: 	11437 	16488 	19585 	17883 
A,DEG1,PPS_HH,PT	13649 	19464 	21106 	23766 	25623 	27560 	: 
A,DEG1,PPS_HH,RO	: 	: 	: 	: 	: 	14084 	17920 
A,DEG1,PPS_HH,SE	: 	18065 	22529 	26380 	28089 	28488 	: 
A,DEG1,PPS_HH,SI	: 	: 	: 	26358 	27886 	28166 	28408 
A,DEG1,PPS_HH,SK	: 	: 	: 	12789 	16619 	19768 	17191 
A,DEG1,PPS_HH,UK	21628 	20063 	27210 	31480 	23661 	24722 	: 
A,DEG1,PPS_HH,XK	: 	: 	: 	: 	: 	16119 	: 
A,DEG2,PPS_AE,AT	: 	: 	16326 	19453 	22502 	23546 	24193 
A,DEG2,PPS_AE,BE	10487 	13807 	16864 	19282 	20206 	23221 	20377 
A,DEG2,PPS_AE,BG	: 	: 	: 	4102 	4658 	6599 	7578 
A,DEG2,PPS_AE,CY	: 	: 	: 	15247 	25000 	18714 	17977 e
A,DEG2,PPS_AE,CZ	: 	: 	: 	6279 	8031 	9557 	10551 
A,DEG2,PPS_AE,DE	11046 	13488 	: 	18964 	19394 	21305 	22593 
A,DEG2,PPS_AE,DK	: 	13427 	15821 	16077 	20503 	20812 	22475 
A,DEG2,PPS_AE,EA	: 	: 	: 	16721 u	17861 s	: 	: 
A,DEG2,PPS_AE,EA12	: 	: 	: 	16746 u	18165 s	: 	: 
A,DEG2,PPS_AE,EA13	: 	: 	: 	16721 u	18147 s	: 	: 
A,DEG2,PPS_AE,EA17	: 	: 	: 	: 	17953 s	: 	: 
A,DEG2,PPS_AE,EA18	: 	: 	: 	: 	17861 s	: 	: 
A,DEG2,PPS_AE,EE	: 	: 	: 	9782 u	7419 	10786 	12868 
A,DEG2,PPS_AE,EEA28	: 	: 	: 	15758 u	16186 s	: 	: 
A,DEG2,PPS_AE,EEA30_2007	: 	: 	: 	: 	16009 s	: 	: 
A,DEG2,PPS_AE,EFTA	: 	: 	: 	18615 u	22817 u	: 	: 
A,DEG2,PPS_AE,EL	8792 	: 	: 	16039 	18371 	15471 	13953 
A,DEG2,PPS_AE,ES	: 	9105 	9578 	13381 	17446 	17981 	16775 
A,DEG2,PPS_AE,EU15	: 	: 	: 	17558 u	17554 s	: 	: 
A,DEG2,PPS_AE,EU25	: 	: 	: 	15728 u	16117 s	: 	: 
A,DEG2,PPS_AE,EU27_2007	: 	: 	: 	15525 u	15940 s	: 	: 
A,DEG2,PPS_AE,EU27_2020	: 	: 	: 	: 	: 	17166 	17045 s
A,DEG2,PPS_AE,FI	: 	10091 	11847 	16572 	18926 	20274 	: 
A,DEG2,PPS_AE,FR	9101 	: 	15118 	16350 	17004 	18589 	18146 e
A,DEG2,PPS_AE,HR	: 	: 	: 	9505 	9805 	11384 	11422 
A,DEG2,PPS_AE,HU	: 	: 	: 	5979 	8580 	9957 	13871 
A,DEG2,PPS_AE,IE	: 	: 	14051 	: 	17823 	18284 	: 
A,DEG2,PPS_AE,IT	9091 	12888 	15123 	17101 	17604 	18951 	17100 
A,DEG2,PPS_AE,LT	: 	: 	: 	: 	7564 	9695 	10520 
A,DEG2,PPS_AE,LU	14496 	: 	26332 	34175 	30976 	34735 	30401 
A,DEG2,PPS_AE,LV	: 	: 	: 	7038 u	: u	9707 	10070 
A,DEG2,PPS_AE,MT	: 	: 	: 	14860 	13292 	14417 	13724 e
A,DEG2,PPS_AE,NL	: 	: 	: 	: 	19588 	22216 	22623 
A,DEG2,PPS_AE,NO	: 	: 	: 	18615 	22817 	25297 	: 
A,DEG2,PPS_AE,PL	: 	: 	: 	5477 	8070 	10243 	9610 
A,DEG2,PPS_AE,PT	5515 	7050 	8970 	11125 	13235 	14065 	: 
A,DEG2,PPS_AE,RO	: 	: 	: 	: 	: 	6574 	8378 
A,DEG2,PPS_AE,SE	: 	11547 	14980 	18340 	18497 	19751 	: 
A,DEG2,PPS_AE,SI	: 	: 	: 	13037 	15280 	14439 	14794 
A,DEG2,PPS_AE,SK	: 	: 	: 	6173 	8260 	10448 	8398 
A,DEG2,PPS_AE,UK	8922 	12785 	18042 	21532 	14025 	16528 	: 
A,DEG2,PPS_AE,XK	: 	: 	: 	: 	: 	6468 	: 
A,DEG2,PPS_HH,AT	: 	: 	27227 	31428 	35761 	35583 	36228 
A,DEG2,PPS_HH,BE	16986 	23223 	28672 	31500 	32969 	38111 	32064 
A,DEG2,PPS_HH,BG	: 	: 	: 	7264 	7950 	10703 	12207 
A,DEG2,PPS_HH,CY	: 	: 	: 	33489 	50886 	34779 	33409 e
A,DEG2,PPS_HH,CZ	: 	: 	: 	11779 	12891 	14500 	16080 
A,DEG2,PPS_HH,DE	17112 	21373 	: 	29918 	29947 	32519 	34169 
A,DEG2,PPS_HH,DK	: 	20857 	24814 	24480 	31102 	30292 	33760 
A,DEG2,PPS_HH,EA	: 	: 	: 	25247 u	28783 s	: 	: 
A,DEG2,PPS_HH,EA12	: 	: 	: 	25261 u	29202 s	: 	: 
A,DEG2,PPS_HH,EA13	: 	: 	: 	25247 u	29180 s	: 	: 
A,DEG2,PPS_HH,EA17	: 	: 	: 	: 	28932 s	: 	: 
A,DEG2,PPS_HH,EA18	: 	: 	: 	: 	28783 s	: 	: 
A,DEG2,PPS_HH,EE	: 	: 	: 	16183 u	12473 	16773 	20737 
A,DEG2,PPS_HH,EEA28	: 	: 	: 	24399 u	26148 s	: 	: 
A,DEG2,PPS_HH,EEA30_2007	: 	: 	: 	: 	25869 s	: 	: 
A,DEG2,PPS_HH,EFTA	: 	: 	: 	29303 u	35168 u	: 	: 
A,DEG2,PPS_HH,EL	15865 	: 	: 	28408 	33617 	26066 	23757 
A,DEG2,PPS_HH,ES	: 	19294 	19622 	25853 	30798 	30308 	27828 
A,DEG2,PPS_HH,EU15	: 	: 	: 	26777 u	28101 s	: 	: 
A,DEG2,PPS_HH,EU25	: 	: 	: 	24347 u	26055 s	: 	: 
A,DEG2,PPS_HH,EU27_2007	: 	: 	: 	24050 u	25775 s	: 	: 
A,DEG2,PPS_HH,EU27_2020	: 	: 	: 	: 	: 	27299 	26795 s
A,DEG2,PPS_HH,FI	: 	16399 	19608 	25045 	29843 	30237 	: 
A,DEG2,PPS_HH,FR	15549 	: 	25244 	25596 	25605 	28658 	27976 e
A,DEG2,PPS_HH,HR	: 	: 	: 	17453 	18304 	20752 	20929 
A,DEG2,PPS_HH,HU	: 	: 	: 	10448 	14052 	15746 	21709 
A,DEG2,PPS_HH,IE	: 	: 	27138 	: 	30596 	31623 	: 
A,DEG2,PPS_HH,IT	16947 	23630 	26513 	29001 	28498 	30127 	26763 
A,DEG2,PPS_HH,LT	: 	: 	: 	: 	13301 	14270 	15104 
A,DEG2,PPS_HH,LU	26171 	: 	44194 	56573 	50147 	55037 	45633 
A,DEG2,PPS_HH,LV	: 	: 	: 	15634 u	: u	15434 	16376 
A,DEG2,PPS_HH,MT	: 	: 	: 	28137 	24099 	24133 	22974 e
A,DEG2,PPS_HH,NL	: 	: 	: 	: 	31295 	34793 	34763 
A,DEG2,PPS_HH,NO	: 	: 	: 	29303 	35168 	38151 	: 
A,DEG2,PPS_HH,PL	: 	: 	: 	10511 	15110 	17838 	16666 
A,DEG2,PPS_HH,PT	10988 	14372 	17484 	20748 	23436 	24210 	: 
A,DEG2,PPS_HH,RO	: 	: 	: 	: 	: 	11500 	14468 
A,DEG2,PPS_HH,SE	: 	17762 	22030 	27858 	28171 	29457 	: 
A,DEG2,PPS_HH,SI	: 	: 	: 	23251 	25700 	24694 	25030 
A,DEG2,PPS_HH,SK	: 	: 	: 	11378 	15221 	19190 	14827 
A,DEG2,PPS_HH,UK	15122 	20992 	28099 	34206 	22186 	26064 	: 
A,DEG2,PPS_HH,XK	: 	: 	: 	: 	: 	12220 	: 
A,DEG3,PPS_AE,AT	: 	: 	14283 	17928 	19922 	22391 	22540 
A,DEG3,PPS_AE,BE	11366 	12957 	14969 	17181 	20399 	21340 	20541 
A,DEG3,PPS_AE,BG	: 	: 	: 	3376 	4198 	5443 	6298 
A,DEG3,PPS_AE,CY	: 	: 	: 	14840 	20154 	17711 	17013 e
A,DEG3,PPS_AE,CZ	: 	: 	: 	6130 	7961 	9129 	10236 
A,DEG3,PPS_AE,DE	11018 	12364 	: 	18159 	18752 	20732 	22335 
A,DEG3,PPS_AE,DK	: 	12059 	14581 	15814 	18694 	19528 	19335 
A,DEG3,PPS_AE,EA	: 	: 	: 	16471 u	17047 s	: 	: 
A,DEG3,PPS_AE,EA12	: 	: 	: 	16499 u	17333 s	: 	: 
A,DEG3,PPS_AE,EA13	: 	: 	: 	16471 u	17313 s	: 	: 
A,DEG3,PPS_AE,EA17	: 	: 	: 	: 	17118 s	: 	: 
A,DEG3,PPS_AE,EA18	: 	: 	: 	: 	17047 s	: 	: 
A,DEG3,PPS_AE,EE	: 	: 	: 	6251 	6122 	9499 	10739 
A,DEG3,PPS_AE,EEA28	: 	: 	: 	15210 e	15810 s	: 	: 
A,DEG3,PPS_AE,EEA30_2007	: 	: 	: 	: 	15632 s	: 	: 
A,DEG3,PPS_AE,EFTA	: 	: 	: 	16965 u	20496 u	: 	: 
A,DEG3,PPS_AE,EL	9290 	: 	: 	16574 	15414 	12613 	11236 
A,DEG3,PPS_AE,ES	: 	8450 	8543 	11845 	15801 	16622 	15095 
A,DEG3,PPS_AE,EU15	: 	: 	: 	17131 u	17252 s	: 	: 
A,DEG3,PPS_AE,EU25	: 	: 	: 	15192 e	15762 s	: 	: 
A,DEG3,PPS_AE,EU27_2007	: 	: 	: 	14988 u	15583 s	: 	: 
A,DEG3,PPS_AE,EU27_2020	: 	: 	: 	: 	: 	16164 s	16307 s
A,DEG3,PPS_AE,FI	: 	9499 	10446 	15005 	18484 	20273 	: 
A,DEG3,PPS_AE,FR	9527 	: 	13820 	18461 	18152 	18942 	18491 e
A,DEG3,PPS_AE,HR	: 	: 	: 	8152 	8446 	9512 	10573 
A,DEG3,PPS_AE,HU	: 	: 	: 	5242 	6981 	8702 	13362 
A,DEG3,PPS_AE,IE	: 	: 	: 	: 	17441 	18533 	: 
A,DEG3,PPS_AE,IT	9654 	12311 	14152 	16871 	15340 	16720 	16182 
A,DEG3,PPS_AE,LT	: 	: 	: 	4796 	6870 	8441 	10347 
A,DEG3,PPS_AE,LU	13760 	: 	24704 	30680 	23728 	31044 	36395 
A,DEG3,PPS_AE,LV	: 	: 	: 	4286 	5942 	7785 	8442 
A,DEG3,PPS_AE,MT	: 	: 	: 	15136 	: 	: 	: 
A,DEG3,PPS_AE,NL	: 	: 	: 	: 	19815 	21720 	21981 
A,DEG3,PPS_AE,NO	: 	: 	: 	16965 	20496 	23154 	: 
A,DEG3,PPS_AE,PL	: 	: 	: 	4955 	7451 	9256 	8541 
A,DEG3,PPS_AE,PT	4804 	4917 	6964 	9182 	11244 	12587 	: 
A,DEG3,PPS_AE,RO	: 	: 	: 	: 	: 	5166 	6791 
A,DEG3,PPS_AE,SE	: 	11620 	13910 	16571 	16589 	18959 	: 
A,DEG3,PPS_AE,SI	: 	: 	: 	12388 	14320 	14313 	15124 
A,DEG3,PPS_AE,SK	: 	: 	: 	6095 	7691 	9345 	7887 
A,DEG3,PPS_AE,UK	10176 	12719 	17795 	20410 	16810 	17159 	: 
A,DEG3,PPS_AE,XK	: 	: 	: 	: 	: 	6968 s	: 
A,DEG3,PPS_HH,AT	: 	: 	26094 	30415 	33107 	36741 	36181 
A,DEG3,PPS_HH,BE	16477 	20260 	23508 	27960 	32939 	34447 	32138 
A,DEG3,PPS_HH,BG	: 	: 	: 	5743 	6928 	8906 	9995 
A,DEG3,PPS_HH,CY	: 	: 	: 	30108 	38308 	33034 	31732 e
A,DEG3,PPS_HH,CZ	: 	: 	: 	11791 	12822 	14992 	17099 
A,DEG3,PPS_HH,DE	15728 	21218 	: 	28320 	30421 	33109 	35128 
A,DEG3,PPS_HH,DK	: 	18531 	23988 	24278 	28717 	29779 	28923 
A,DEG3,PPS_HH,EA	: 	: 	: 	25033 u	28191 s	: 	: 
A,DEG3,PPS_HH,EA12	: 	: 	: 	25047 u	28623 s	: 	: 
A,DEG3,PPS_HH,EA13	: 	: 	: 	25033 u	28596 s	: 	: 
A,DEG3,PPS_HH,EA17	: 	: 	: 	: 	28308 s	: 	: 
A,DEG3,PPS_HH,EA18	: 	: 	: 	: 	28191 s	: 	: 
A,DEG3,PPS_HH,EE	: 	: 	: 	10751 	9514 	15001 	16321 
A,DEG3,PPS_HH,EEA28	: 	: 	: 	23807 e	26123 s	: 	: 
A,DEG3,PPS_HH,EEA30_2007	: 	: 	: 	: 	25828 s	: 	: 
A,DEG3,PPS_HH,EFTA	: 	: 	: 	26520 u	31124 u	: 	: 
A,DEG3,PPS_HH,EL	17207 	: 	: 	30190 	27345 	22062 	19449 
A,DEG3,PPS_HH,ES	: 	16953 	17382 	22467 	27788 	27886 	25071 
A,DEG3,PPS_HH,EU15	: 	: 	: 	26425 u	28328 s	: 	: 
A,DEG3,PPS_HH,EU25	: 	: 	: 	23779 e	26071 s	: 	: 
A,DEG3,PPS_HH,EU27_2007	: 	: 	: 	23467 u	25774 s	: 	: 
A,DEG3,PPS_HH,EU27_2020	: 	: 	: 	: 	: 	26384 s	26280 s
A,DEG3,PPS_HH,FI	: 	15449 	16685 	23332 	30099 	30848 	: 
A,DEG3,PPS_HH,FR	15950 	: 	23023 	28610 	29258 	30074 	29358 e
A,DEG3,PPS_HH,HR	: 	: 	: 	14849 	15706 	18121 	20056 
A,DEG3,PPS_HH,HU	: 	: 	: 	9548 	11758 	14125 	21738 
A,DEG3,PPS_HH,IE	: 	: 	: 	: 	31739 	33191 	: 
A,DEG3,PPS_HH,IT	18481 	23591 	24237 	27713 	24874 	26857 	24902 
A,DEG3,PPS_HH,LT	: 	: 	: 	7825 	12399 	13045 	14674 
A,DEG3,PPS_HH,LU	26178 	: 	45014 	51787 	39875 	51034 	59740 
A,DEG3,PPS_HH,LV	: 	: 	: 	8950 	10072 	13104 	13850 
A,DEG3,PPS_HH,MT	: 	: 	: 	28659 	: 	: 	: 
A,DEG3,PPS_HH,NL	: 	: 	: 	: 	33149 	34234 	34601 
A,DEG3,PPS_HH,NO	: 	: 	: 	26520 	31124 	34705 	: 
A,DEG3,PPS_HH,PL	: 	: 	: 	9666 	13946 	17576 	16686 
A,DEG3,PPS_HH,PT	9014 	9409 	12647 	16047 	19145 	20918 	: 
A,DEG3,PPS_HH,RO	: 	: 	: 	: 	: 	9199 	11734 
A,DEG3,PPS_HH,SE	: 	17798 	21210 	24732 	25144 	28329 	: 
A,DEG3,PPS_HH,SI	: 	: 	: 	23035 	24367 	25481 	25997 
A,DEG3,PPS_HH,SK	: 	: 	: 	11707 	14229 	18952 	15378 
A,DEG3,PPS_HH,UK	17198 	20892 	28446 	33585 	27259 	27455 	: 
A,DEG3,PPS_HH,XK	: 	: 	: 	: 	: 	6968 s	: 
A,TOTAL,PPS_AE,AT	: 	14029 	16480 	19344 	21509 	22645 	23072 
A,TOTAL,PPS_AE,BE	10466 	14049 	16753 	18831 	20139 	22578 	20128 
A,TOTAL,PPS_AE,BG	: 	: 	: 	4213 	5644 	7821 	8680 
A,TOTAL,PPS_AE,CY	: 	: 	: 	17094 	24111 	20199 	19403 e
A,TOTAL,PPS_AE,CZ	: 	: 	: 	6520 	8328 	9677 	10955 
A,TOTAL,PPS_AE,DE	10857 	13345 	15558 	18952 	19234 	20990 	22074 
A,TOTAL,PPS_AE,DK	: 	12767 	15566 	16199 	19204 	20384 	20601 
A,TOTAL,PPS_AE,EA	: 	: 	: 	17413 e	18128 s	: 	: 
A,TOTAL,PPS_AE,EA12	: 	: 	: 	17439 e	18423 s	: 	: 
A,TOTAL,PPS_AE,EA13	: 	: 	: 	17413 e	18403 s	: 	: 
A,TOTAL,PPS_AE,EA17	: 	: 	: 	: 	18200 s	: 	: 
A,TOTAL,PPS_AE,EA18	: 	: 	: 	: 	18128 s	: 	: 
A,TOTAL,PPS_AE,EE	: 	: 	: 	6531 	6755 	10575 	11783 
A,TOTAL,PPS_AE,EEA28	: 	: 	: 	16021 e	16508 s	: 	: 
A,TOTAL,PPS_AE,EEA30_2007	: 	: 	: 	: 	15900 s	: 	: 
A,TOTAL,PPS_AE,EFTA	: 	: 	: 	19125 u	22820 u	: 	: 
A,TOTAL,PPS_AE,EL	8115 	9564 	12955 	17391 	17036 	14483 	13510 
A,TOTAL,PPS_AE,ES	7459 	9742 	10123 	13940 	17858 	18388 	16998 
A,TOTAL,PPS_AE,EU15	: 	: 	: 	17825 e	17838 s	: 	: 
A,TOTAL,PPS_AE,EU25	: 	: 	: 	15990 e	16442 s	: 	: 
A,TOTAL,PPS_AE,EU27_2007	: 	: 	: 	15225 e	15832 s	: 	: 
A,TOTAL,PPS_AE,EU27_2020	: 	: 	: 	: 	: 	17343 	17260 s
A,TOTAL,PPS_AE,FI	: 	10280 	11884 	16082 	18097 	20928 	: 
A,TOTAL,PPS_AE,FR	9968 	13738 	15310 	17523 	18085 	19484 	19020 e
A,TOTAL,PPS_AE,HR	: 	: 	: 	9478 	9605 	10986 	12153 
A,TOTAL,PPS_AE,HU	: 	: 	: 	6241 	8511 	10319 	14245 
A,TOTAL,PPS_AE,IE	: 	11245 	15604 	20583 	18950 	19552 	: 
A,TOTAL,PPS_AE,IT	9481 	12764 	15897 	17623 	17950 	19171 	17906 
A,TOTAL,PPS_AE,LT	: 	: 	: 	5892 	8668 	10851 	12723 
A,TOTAL,PPS_AE,LU	14978 	23255 	25824 	32794 	28621 	31893 	32755 
A,TOTAL,PPS_AE,LV	: 	: 	: 	5316 	6863 	8883 	10544 
A,TOTAL,PPS_AE,ME	: 	: 	: 	: 	6110 	8854 	8288 
A,TOTAL,PPS_AE,MK	: 	: 	: 	5181 	5454 	5362 	: 
A,TOTAL,PPS_AE,MT	: 	: 	: 	15108 	14576 	16111 	15336 e
A,TOTAL,PPS_AE,NL	10074 	13033 	16850 	19018 	20016 	21692 	22128 
A,TOTAL,PPS_AE,NO	: 	: 	: 	19125 	22820 	25398 	: 
A,TOTAL,PPS_AE,PL	: 	: 	: 	5817 	8801 	10692 	9954 
A,TOTAL,PPS_AE,PT	6133 	8371 	10011 	11674 	13566 	14844 	: 
A,TOTAL,PPS_AE,RO	: 	: 	: 	2866 	5385 	6750 	8766 
A,TOTAL,PPS_AE,RS	: 	: 	: 	: 	: 	7978 	7962 
A,TOTAL,PPS_AE,SE	: 	11995 	14552 	17414 	17436 	19286 	: 
A,TOTAL,PPS_AE,SI	: 	: 	: 	13299 	15273 	15014 	15638 
A,TOTAL,PPS_AE,SK	: 	: 	: 	6517 	8315 	10550 	8706 
A,TOTAL,PPS_AE,TR	: 	: 	: 	5341 	7670 	11381 	10188 
A,TOTAL,PPS_AE,UK	10330 	12654 	17522 	20047 	14779 	15791 	: 
A,TOTAL,PPS_AE,XK	: 	: 	: 	: 	: 	5513 	: 
A,TOTAL,PPS_HH,AT	: 	24322 	26453 	30167 	33219 	34491 	34729 
A,TOTAL,PPS_HH,BE	16912 	22716 	27405 	30048 	31264 	34923 	30906 
A,TOTAL,PPS_HH,BG	: 	: 	: 	7099 	9334 	12517 	13181 
A,TOTAL,PPS_HH,CY	: 	: 	: 	34208 	44641 	35579 	34177 e
A,TOTAL,PPS_HH,CZ	: 	: 	: 	12142 	13161 	15055 	17132 
A,TOTAL,PPS_HH,DE	16815 	20660 	23575 	28501 	28367 	30691 	32116 
A,TOTAL,PPS_HH,DK	: 	19185 	23439 	24062 	28560 	30102 	30284 
A,TOTAL,PPS_HH,EA	: 	: 	: 	28103 e	28481 s	: 	: 
A,TOTAL,PPS_HH,EA12	: 	: 	: 	28130 e	28876 s	: 	: 
A,TOTAL,PPS_HH,EA13	: 	: 	: 	28103 e	28855 s	: 	: 
A,TOTAL,PPS_HH,EA17	: 	: 	: 	: 	28591 s	: 	: 
A,TOTAL,PPS_HH,EA18	: 	: 	: 	: 	28481 s	: 	: 
A,TOTAL,PPS_HH,EE	: 	: 	: 	10848 	10421 	16382 	17683 
A,TOTAL,PPS_HH,EEA28	: 	: 	: 	25902 e	26083 s	: 	: 
A,TOTAL,PPS_HH,EEA30_2007	: 	: 	: 	: 	25174 s	: 	: 
A,TOTAL,PPS_HH,EFTA	: 	: 	: 	29106 u	34578 u	: 	: 
A,TOTAL,PPS_HH,EL	15465 	17701 	23401 	30975 	29974 	24190 	22530 
A,TOTAL,PPS_HH,ES	15388 	19586 	20238 	26028 	30884 	30223 	27683 
A,TOTAL,PPS_HH,EU15	: 	: 	: 	28608 e	27997 s	: 	: 
A,TOTAL,PPS_HH,EU25	: 	: 	: 	25870 e	25996 s	: 	: 
A,TOTAL,PPS_HH,EU27_2007	: 	: 	: 	24667 e	25082 s	: 	: 
A,TOTAL,PPS_HH,EU27_2020	: 	: 	: 	: 	: 	26937 	26540 s
A,TOTAL,PPS_HH,FI	: 	16014 	18211 	24360 	26998 	30792 	: 
A,TOTAL,PPS_HH,FR	16602 	22319 	24597 	27886 	27627 	29667 	28961 e
A,TOTAL,PPS_HH,HR	: 	: 	: 	16840 	17264 	20163 	21902 
A,TOTAL,PPS_HH,HU	: 	: 	: 	10694 	13504 	15998 	21937 
A,TOTAL,PPS_HH,IE	: 	22243 	29749 	36373 	33262 	33814 	: 
A,TOTAL,PPS_HH,IT	17119 	22807 	27220 	28782 	28393 	29651 	27283 
A,TOTAL,PPS_HH,LT	: 	: 	: 	9378 	14730 	16254 	17448 
A,TOTAL,PPS_HH,LU	26662 	38647 	43247 	51932 	45171 	49838 	49524 
A,TOTAL,PPS_HH,LV	: 	: 	: 	10589 	11381 	14428 	16576 
A,TOTAL,PPS_HH,ME	: 	: 	: 	: 	11831 	16541 	14929 
A,TOTAL,PPS_HH,MK	: 	: 	: 	12622 	11846 	11690 	: 
A,TOTAL,PPS_HH,MT	: 	: 	: 	28605 	26590 	27868 	26528 e
A,TOTAL,PPS_HH,NL	16494 	20314 	25657 	29368 	30288 	32624 	33134 
A,TOTAL,PPS_HH,NO	: 	: 	: 	29106 	34578 	37330 	: 
A,TOTAL,PPS_HH,PL	: 	: 	: 	10594 	15263 	18436 	17178 
A,TOTAL,PPS_HH,PT	11926 	16311 	18527 	20869 	23357 	24842 	: 
A,TOTAL,PPS_HH,RO	: 	: 	: 	5324 	9623 	11422 	14625 
A,TOTAL,PPS_HH,RS	: 	: 	: 	: 	: 	14355 	14285 
A,TOTAL,PPS_HH,SE	: 	17994 	21673 	25612 	26366 	28583 	: 
A,TOTAL,PPS_HH,SI	: 	: 	: 	23806 	25514 	25762 	26153 
A,TOTAL,PPS_HH,SK	: 	: 	: 	11855 	15041 	19341 	15692 
A,TOTAL,PPS_HH,TR	: 	: 	: 	10291 	15917 	21628 	18952 
A,TOTAL,PPS_HH,UK	17390 	20461 	27646 	31959 	23692 	25316 	: 
A,TOTAL,PPS_HH,XK	: 	: 	: 	: 	: 	15014 	: 
A,UNK,PPS_AE,LU	: 	: 	: 	: 	: 	: 	: u
A,UNK,PPS_AE,ME	: 	: 	: 	: 	: 	8854 	8288 
A,UNK,PPS_AE,MK	: 	: 	: 	: 	: 	5362 	: 
A,UNK,PPS_AE,PL	: 	: 	: 	: 	: 	9133 	: 
A,UNK,PPS_AE,RS	: 	: 	: 	: 	: 	7978 	7962 
A,UNK,PPS_AE,TR	: 	: 	: 	: 	: 	11381 	10188 
A,UNK,PPS_AE,UK	: 	: 	: 	: 	: 	14736 	: 
A,UNK,PPS_HH,LU	: 	: 	: 	: 	: 	: 	: u
A,UNK,PPS_HH,ME	: 	: 	: 	: 	: 	16541 	14929 
A,UNK,PPS_HH,MK	: 	: 	: 	: 	: 	11690 	: 
A,UNK,PPS_HH,PL	: 	: 	: 	: 	: 	16011 	: 
A,UNK,PPS_HH,RS	: 	: 	: 	: 	: 	14355 	14285 
A,UNK,PPS_HH,TR	: 	: 	: 	: 	: 	21628 	18952 
A,UNK,PPS_HH,UK	: 	: 	: 	: 	: 	24571 	: 
